-- phpMyAdmin SQL Dump
-- version 4.0.9
-- http://www.phpmyadmin.net
--
-- Host: 127.0.0.1
-- Generation Time: Sep 30, 2016 at 02:07 PM
-- Server version: 5.5.34
-- PHP Version: 5.4.22

SET SQL_MODE = "NO_AUTO_VALUE_ON_ZERO";
SET time_zone = "+00:00";


/*!40101 SET @OLD_CHARACTER_SET_CLIENT=@@CHARACTER_SET_CLIENT */;
/*!40101 SET @OLD_CHARACTER_SET_RESULTS=@@CHARACTER_SET_RESULTS */;
/*!40101 SET @OLD_COLLATION_CONNECTION=@@COLLATION_CONNECTION */;
/*!40101 SET NAMES utf8 */;

--
-- Database: `issp`
--

-- --------------------------------------------------------

--
-- Table structure for table `advertiser`
--

CREATE TABLE IF NOT EXISTS `advertiser` (
  `advertiser_id` int(11) NOT NULL AUTO_INCREMENT,
  `user_id` int(11) NOT NULL,
  `company` varchar(100) NOT NULL,
  `address` varchar(250) NOT NULL,
  `email` varchar(100) NOT NULL,
  `contact` varchar(30) NOT NULL,
  `status` int(11) NOT NULL,
  `created` timestamp NOT NULL DEFAULT CURRENT_TIMESTAMP,
  PRIMARY KEY (`advertiser_id`)
) ENGINE=InnoDB DEFAULT CHARSET=latin1 AUTO_INCREMENT=1 ;

-- --------------------------------------------------------

--
-- Table structure for table `campaign`
--

CREATE TABLE IF NOT EXISTS `campaign` (
  `campaign_id` int(11) NOT NULL AUTO_INCREMENT,
  `user_id` int(11) NOT NULL,
  `name` varchar(200) NOT NULL,
  `interval` int(11) NOT NULL,
  `views` int(11) NOT NULL,
  `status` int(11) NOT NULL,
  `created` timestamp NOT NULL DEFAULT CURRENT_TIMESTAMP,
  PRIMARY KEY (`campaign_id`)
) ENGINE=InnoDB  DEFAULT CHARSET=latin1 AUTO_INCREMENT=16 ;

--
-- Dumping data for table `campaign`
--

INSERT INTO `campaign` (`campaign_id`, `user_id`, `name`, `interval`, `views`, `status`, `created`) VALUES
(1, 1, 'Video Campaign', 50, 0, 1, '2016-01-07 05:23:50'),
(2, 1, 'Live Camp', 360, 0, 1, '2016-01-07 08:12:14'),
(3, 1, 'My new camp', 12, 0, 1, '2016-03-25 17:44:20'),
(4, 16, 'Sample Camp', 30, 0, 1, '2016-03-28 05:17:42'),
(5, 16, 'Sample Camp2', 30, 0, 1, '2016-03-28 05:18:07'),
(6, 16, '360 Camp', 15, 0, 1, '2016-04-03 16:42:50'),
(7, 16, 'My new camp Ladder', 20, 0, 1, '2016-06-02 14:03:10'),
(8, 16, '360 Camp test', 20, 0, 1, '2016-06-02 14:08:18'),
(9, 16, '360 Camp test two', 20, 0, 1, '2016-06-02 14:08:56'),
(10, 21, 'sample123', 123, 0, 1, '2016-09-14 03:31:03'),
(11, 21, 'camp123', 123, 0, 1, '2016-09-14 03:42:39'),
(12, 1, 'Long Channel', 123, 0, 1, '2016-09-23 10:58:04'),
(13, 1, 'Clock', 2000, 0, 1, '2016-09-23 11:04:30'),
(14, 1, 'Ads Campaign', 1233, 0, 1, '2016-09-28 17:21:40'),
(15, 1, 'Ads Campaign 123', 1233, 0, 1, '2016-09-28 17:22:37');

-- --------------------------------------------------------

--
-- Table structure for table `campaign_item`
--

CREATE TABLE IF NOT EXISTS `campaign_item` (
  `item_id` int(11) NOT NULL AUTO_INCREMENT,
  `campaign_id` int(11) NOT NULL,
  `media_id` int(11) NOT NULL,
  `media_name` varchar(250) NOT NULL,
  PRIMARY KEY (`item_id`)
) ENGINE=InnoDB  DEFAULT CHARSET=latin1 AUTO_INCREMENT=243 ;

--
-- Dumping data for table `campaign_item`
--

INSERT INTO `campaign_item` (`item_id`, `campaign_id`, `media_id`, `media_name`) VALUES
(32, 4, 1, 'https://s3-ap-southeast-1.amazonaws.com/isspbucket/facebook-448605088668906/500videos  Create your 10-second Video Ad.mp4'),
(33, 4, 2, 'https://s3-ap-southeast-1.amazonaws.com/isspbucket/facebook-448605088668906/10 Second TV Advert  Example 1.mp4'),
(40, 5, 3, 'https://s3-ap-southeast-1.amazonaws.com/isspbucket/facebook-448605088668906/SignoraCare Advertisement (10 Sec.).mp4'),
(41, 7, 9, 'https://s3-ap-southeast-1.amazonaws.com/isspbucket/facebook-448605088668906/addidas.jpg'),
(42, 7, 10, 'https://s3-ap-southeast-1.amazonaws.com/isspbucket/facebook-448605088668906/bot.png'),
(43, 6, 15, 'https://s3-ap-southeast-1.amazonaws.com/isspbucket/facebook-448605088668906/running.jpg'),
(44, 6, 14, 'https://s3-ap-southeast-1.amazonaws.com/isspbucket/facebook-448605088668906/promdi-tcard.jpg'),
(45, 8, 11, 'https://s3-ap-southeast-1.amazonaws.com/isspbucket/facebook-448605088668906/fast-food-restaurant.jpg'),
(46, 8, 12, 'https://s3-ap-southeast-1.amazonaws.com/isspbucket/facebook-448605088668906/life-rocks-tcard.jpg'),
(47, 8, 7, 'https://s3-ap-southeast-1.amazonaws.com/isspbucket/facebook-448605088668906/yellow.jpg'),
(48, 9, 14, 'https://s3-ap-southeast-1.amazonaws.com/isspbucket/facebook-448605088668906/promdi-tcard.jpg'),
(49, 9, 13, 'https://s3-ap-southeast-1.amazonaws.com/isspbucket/facebook-448605088668906/Kareena-Kapoor-17.jpg'),
(65, 2, 21, 'https://s3-ap-southeast-1.amazonaws.com/isspbucket/facebook-448605088668906/SignoraCare Advertisement (10 Sec.).mp4'),
(72, 10, 35, 'https://isspbucket.s3-ap-southeast-1.amazonaws.com/inventiv-client-21/download%20%285%29.png'),
(73, 10, 34, 'https://isspbucket.s3-ap-southeast-1.amazonaws.com/inventiv-client-21/13214820_241069192940219_2108981678_o.png'),
(75, 10, 39, 'Sample Crawler test'),
(120, 12, 55, 'https://isspbucket.s3-ap-southeast-1.amazonaws.com/inventiv-client-1/adidasgirls.jpg'),
(124, 13, 57, 'http://issp.inventiv.ph/smdemo/time/'),
(159, 2, 53, 'https://isspbucket.s3-ap-southeast-1.amazonaws.com/inventiv-client-1/coca-cola-ad-wallpaper.jpg'),
(182, 13, 50, 'http://inventiv.ph/ppaplayer/?screen=1'),
(219, 1, 61, 'http://whoa.ph/ppa/?p=6'),
(221, 1, 61, 'http://whoa.ph/ppa/?p=6'),
(222, 1, 53, 'https://isspbucket.s3-ap-southeast-1.amazonaws.com/inventiv-client-1/coca-cola-ad-wallpaper.jpg'),
(223, 12, 68, 'https://isspbucket.s3-ap-southeast-1.amazonaws.com/inventiv-client-1/Android.png'),
(224, 12, 53, 'https://isspbucket.s3-ap-southeast-1.amazonaws.com/inventiv-client-1/coca-cola-ad-wallpaper.jpg'),
(225, 12, 55, 'https://isspbucket.s3-ap-southeast-1.amazonaws.com/inventiv-client-1/adidasgirls.jpg'),
(226, 12, 68, 'https://isspbucket.s3-ap-southeast-1.amazonaws.com/inventiv-client-1/Android.png'),
(227, 12, 53, 'https://isspbucket.s3-ap-southeast-1.amazonaws.com/inventiv-client-1/coca-cola-ad-wallpaper.jpg'),
(230, 12, 61, 'http://whoa.ph/ppa/?p=6'),
(234, 14, 75, 'https://isspbucket.s3-ap-southeast-1.amazonaws.com/inventiv-client-1/nissan.mp4'),
(235, 15, 55, 'https://isspbucket.s3-ap-southeast-1.amazonaws.com/inventiv-client-1/adidasgirls.jpg'),
(236, 15, 54, 'https://isspbucket.s3-ap-southeast-1.amazonaws.com/inventiv-client-1/coca-cola-ad-wallpaper.jpg'),
(238, 3, 53, 'https://isspbucket.s3-ap-southeast-1.amazonaws.com/inventiv-client-1/coca-cola-ad-wallpaper.jpg'),
(240, 14, 71, 'https://isspbucket.s3-ap-southeast-1.amazonaws.com/inventiv-client-1/Coke.webm'),
(241, 15, 72, 'https://isspbucket.s3-ap-southeast-1.amazonaws.com/inventiv-client-1/kitkat.mp4'),
(242, 3, 70, 'https://isspbucket.s3-ap-southeast-1.amazonaws.com/inventiv-client-1/Colgate.webm');

-- --------------------------------------------------------

--
-- Table structure for table `category`
--

CREATE TABLE IF NOT EXISTS `category` (
  `cat_id` int(11) NOT NULL AUTO_INCREMENT,
  `company_id` int(11) NOT NULL,
  `name` varchar(200) NOT NULL,
  PRIMARY KEY (`cat_id`)
) ENGINE=InnoDB DEFAULT CHARSET=latin1 AUTO_INCREMENT=1 ;

-- --------------------------------------------------------

--
-- Table structure for table `company`
--

CREATE TABLE IF NOT EXISTS `company` (
  `company_id` int(11) NOT NULL AUTO_INCREMENT,
  `name` varchar(200) NOT NULL,
  `type` int(11) NOT NULL,
  `parent_company_id` int(11) NOT NULL,
  `contact_person` varchar(200) NOT NULL,
  `email` varchar(200) NOT NULL,
  `contact_number` varchar(120) NOT NULL,
  `address` text NOT NULL,
  `user_id` int(11) NOT NULL,
  `status` int(11) NOT NULL,
  `created` timestamp NOT NULL DEFAULT CURRENT_TIMESTAMP,
  PRIMARY KEY (`company_id`)
) ENGINE=InnoDB DEFAULT CHARSET=latin1 AUTO_INCREMENT=1 ;

-- --------------------------------------------------------

--
-- Table structure for table `media`
--

CREATE TABLE IF NOT EXISTS `media` (
  `media_id` int(11) NOT NULL AUTO_INCREMENT,
  `name` varchar(200) NOT NULL,
  `file` text NOT NULL,
  `icon` varchar(300) NOT NULL,
  `user_id` int(11) NOT NULL,
  `cat_id` int(11) NOT NULL,
  `type` varchar(10) NOT NULL,
  `size` int(11) NOT NULL,
  `auth_id` varchar(50) NOT NULL,
  `advertiser_id` int(11) NOT NULL,
  `views` int(11) NOT NULL,
  `status` int(11) NOT NULL,
  `added` timestamp NOT NULL DEFAULT CURRENT_TIMESTAMP ON UPDATE CURRENT_TIMESTAMP,
  PRIMARY KEY (`media_id`)
) ENGINE=InnoDB  DEFAULT CHARSET=latin1 AUTO_INCREMENT=80 ;

--
-- Dumping data for table `media`
--

INSERT INTO `media` (`media_id`, `name`, `file`, `icon`, `user_id`, `cat_id`, `type`, `size`, `auth_id`, `advertiser_id`, `views`, `status`, `added`) VALUES
(1, '500videos  Create your 10-second Video Ad.mp4', 'https://s3-ap-southeast-1.amazonaws.com/isspbucket/facebook-448605088668906/500videos  Create your 10-second Video Ad.mp4', '', 16, 0, 'video/mp4', 435136, '448605088668906', 0, 0, 1, '2016-04-23 15:59:31'),
(2, '10 Second TV Advert  Example 1.mp4', 'https://s3-ap-southeast-1.amazonaws.com/isspbucket/facebook-448605088668906/10 Second TV Advert  Example 1.mp4', '', 16, 0, 'video/mp4', 640074, '448605088668906', 0, 0, 1, '2016-04-23 15:59:33'),
(3, 'SignoraCare Advertisement (10 Sec.).mp4', 'https://s3-ap-southeast-1.amazonaws.com/isspbucket/facebook-448605088668906/SignoraCare Advertisement (10 Sec.).mp4', '', 16, 0, 'video/mp4', 898383, '448605088668906', 0, 0, 1, '2016-04-23 15:59:37'),
(4, 'placentasoap1.jpg', 'https://s3-ap-southeast-1.amazonaws.com/isspbucket/facebook-448605088668906/placentasoap1.jpg', '', 16, 0, 'image/jpeg', 289125, '448605088668906', 0, 0, 1, '2016-04-23 16:00:20'),
(5, 'sugarscrub.jpg', 'https://s3-ap-southeast-1.amazonaws.com/isspbucket/facebook-448605088668906/sugarscrub.jpg', '', 16, 0, 'image/jpeg', 284362, '448605088668906', 0, 0, 1, '2016-04-23 16:00:22'),
(6, 'dark blue.jpg', 'https://s3-ap-southeast-1.amazonaws.com/isspbucket/facebook-448605088668906/dark blue.jpg', '', 16, 0, 'image/jpeg', 51160, '448605088668906', 0, 0, 1, '2016-04-23 16:00:56'),
(7, 'yellow.jpg', 'https://s3-ap-southeast-1.amazonaws.com/isspbucket/facebook-448605088668906/yellow.jpg', '', 16, 0, 'image/jpeg', 23894, '448605088668906', 0, 0, 1, '2016-04-23 16:00:56'),
(8, 'pepsi.jpg', 'https://s3-ap-southeast-1.amazonaws.com/isspbucket/facebook-448605088668906/pepsi.jpg', '', 16, 0, 'image/jpeg', 170504, '448605088668906', 0, 0, 1, '2016-06-02 14:02:40'),
(9, 'addidas.jpg', 'https://s3-ap-southeast-1.amazonaws.com/isspbucket/facebook-448605088668906/addidas.jpg', '', 16, 0, 'image/jpeg', 264372, '448605088668906', 0, 0, 1, '2016-06-02 14:02:41'),
(10, 'bot.png', 'https://s3-ap-southeast-1.amazonaws.com/isspbucket/facebook-448605088668906/bot.png', '', 16, 0, 'image/png', 677394, '448605088668906', 0, 0, 1, '2016-06-02 14:02:45'),
(11, 'fast-food-restaurant.jpg', 'https://s3-ap-southeast-1.amazonaws.com/isspbucket/facebook-448605088668906/fast-food-restaurant.jpg', '', 16, 0, 'image/jpeg', 53932, '448605088668906', 0, 0, 1, '2016-06-02 14:07:09'),
(12, 'life-rocks-tcard.jpg', 'https://s3-ap-southeast-1.amazonaws.com/isspbucket/facebook-448605088668906/life-rocks-tcard.jpg', '', 16, 0, 'image/jpeg', 143452, '448605088668906', 0, 0, 1, '2016-06-02 14:07:12'),
(13, 'Kareena-Kapoor-17.jpg', 'https://s3-ap-southeast-1.amazonaws.com/isspbucket/facebook-448605088668906/Kareena-Kapoor-17.jpg', '', 16, 0, 'image/jpeg', 311123, '448605088668906', 0, 0, 1, '2016-06-02 14:07:20'),
(14, 'promdi-tcard.jpg', 'https://s3-ap-southeast-1.amazonaws.com/isspbucket/facebook-448605088668906/promdi-tcard.jpg', '', 16, 0, 'image/jpeg', 242211, '448605088668906', 0, 0, 1, '2016-06-02 14:07:20'),
(15, 'running.jpg', 'https://s3-ap-southeast-1.amazonaws.com/isspbucket/facebook-448605088668906/running.jpg', '', 16, 0, 'image/jpeg', 148218, '448605088668906', 0, 0, 1, '2016-06-02 14:07:21'),
(16, 'Tvgo-Abaddon-TeaserHB2.mp4', 'https://s3-ap-southeast-1.amazonaws.com/isspbucket/facebook-448605088668906/Tvgo-Abaddon-TeaserHB2.mp4', '', 16, 0, 'video/mp4', 9288516, '448605088668906', 0, 0, 1, '2016-06-02 14:09:08'),
(17, 'download (2).png', 'https://s3-ap-southeast-1.amazonaws.com/isspbucket/facebook-448605088668906/download (2).png', '', 1, 0, 'image/png', 24072, '448605088668906', 0, 0, 0, '2016-09-09 07:27:34'),
(18, 'sale-5601231.mp4', 'https://s3-ap-southeast-1.amazonaws.com/isspbucket/facebook-448605088668906/sale-5601231.mp4', '', 1, 0, 'video/mp4', 640074, '448605088668906', 0, 0, 0, '2016-09-10 07:11:22'),
(19, 'sale-5601231.mp4', 'https://s3-ap-southeast-1.amazonaws.com/isspbucket/facebook-448605088668906/sale-5601231.mp4', '', 1, 0, 'video/mp4', 640074, '448605088668906', 0, 0, 1, '2016-09-07 08:04:30'),
(20, 'its-not-the-money-that-matters-its-how-you-use-it-that-determines-its-true-value-money-quote.jpg', 'https://s3-ap-southeast-1.amazonaws.com/isspbucket/facebook-448605088668906/its-not-the-money-that-matters-its-how-you-use-it-that-determines-its-true-value-money-quote.jpg', '', 1, 0, 'image/jpeg', 45049, '448605088668906', 0, 0, 1, '2016-09-07 08:05:26'),
(21, 'SignoraCare Advertisement (10 Sec.).mp4', 'https://s3-ap-southeast-1.amazonaws.com/isspbucket/facebook-448605088668906/SignoraCare Advertisement (10 Sec.).mp4', '', 1, 0, 'video/mp4', 898383, '448605088668906', 0, 0, 1, '2016-09-07 08:05:53'),
(22, 'WP_20160515_006.jpg', 'https://s3-ap-southeast-1.amazonaws.com/isspbucket/facebook-448605088668906/WP_20160515_006.jpg', '', 1, 0, 'image/jpeg', 304280, '448605088668906', 0, 0, 1, '2016-09-07 10:55:41'),
(23, 'Announcement', 'Something to say', '', 1, 0, 'crawler', 0, '', 0, 0, 1, '2016-09-07 11:26:05'),
(24, 'Schedule', 'http://localhost/port/', '', 1, 0, 'fullscreen', 0, '', 0, 0, 0, '2016-09-21 18:36:08'),
(25, 'download (4).png', 'https://s3-ap-southeast-1.amazonaws.com/isspbucket/facebook-448605088668906/download (4).png', '', 1, 0, 'image/png', 649223, '448605088668906', 0, 0, 1, '2016-09-09 11:21:34'),
(26, 'News Updates', 'Theres a news updates', '', 1, 0, 'crawler', 0, '', 0, 0, 0, '2016-09-21 18:36:01'),
(27, 'PPA', 'http://www.ppa.com.ph/', '', 1, 0, 'fullscreen', 0, '', 0, 0, 0, '2016-09-21 18:35:58'),
(28, 'Rivers', 'Rivers', '', 1, 0, 'crawler', 0, '', 0, 0, 0, '2016-09-09 11:49:21'),
(29, '13214820_241069192940219_2108981678_o.png', 'https://s3-ap-southeast-1.amazonaws.com/isspbucket/facebook-1/13214820_241069192940219_2108981678_o.png', '', 1, 0, 'image/png', 171816, '1', 0, 0, 0, '2016-09-12 11:47:53'),
(30, '553640_3275737181225_860160641_n.jpg', 'https://s3-ap-southeast-1.amazonaws.com/isspbucket/facebook-1/553640_3275737181225_860160641_n.jpg', '', 1, 0, 'image/jpeg', 122731, '1', 0, 0, 0, '2016-09-12 11:47:49'),
(31, 'iss-dlBinAjax (1).gif', 'https://s3-ap-southeast-1.amazonaws.com/isspbucket/facebook-1/iss-dlBinAjax (1).gif', '', 1, 0, 'image/gif', 66635, '1', 0, 0, 0, '2016-09-12 11:47:46'),
(32, '13516569_630154623801403_4868082780409758097_n.jpg', 'https://isspbucket.s3-ap-southeast-1.amazonaws.com/inventiv-client-1/13516569_630154623801403_4868082780409758097_n.jpg', '', 1, 0, 'image/jpeg', 126070, '1', 0, 0, 1, '2016-09-12 11:48:09'),
(33, 'WP_20160515_001.jpg', 'https://isspbucket.s3-ap-southeast-1.amazonaws.com/inventiv-client-1/WP_20160515_001.jpg', '', 1, 0, 'image/jpeg', 317639, '1', 0, 0, 1, '2016-09-12 11:49:14'),
(34, '13214820_241069192940219_2108981678_o.png', 'https://isspbucket.s3-ap-southeast-1.amazonaws.com/inventiv-client-21/13214820_241069192940219_2108981678_o.png', '', 21, 0, 'image/png', 171816, '21', 0, 0, 1, '2016-09-14 03:31:33'),
(35, 'download (5).png', 'https://isspbucket.s3-ap-southeast-1.amazonaws.com/inventiv-client-21/download%20%285%29.png', '', 21, 0, 'image/png', 32006, '21', 0, 0, 1, '2016-09-14 03:32:12'),
(36, 'facebook', 'https://www.facebook.com/', '', 21, 0, 'fullscreen', 0, '', 0, 0, 1, '2016-09-14 03:35:45'),
(37, 'facebook', 'https://www.facebook.com/', '', 21, 0, 'fullscreen', 0, '', 0, 0, 1, '2016-09-14 03:35:50'),
(38, 'facebook', 'https://www.facebook.com/', '', 21, 0, 'fullscreen', 0, '', 0, 0, 1, '2016-09-14 03:35:51'),
(39, 'Crawler', 'Sample Crawler test', '', 21, 0, 'crawler', 0, '', 0, 0, 1, '2016-09-14 03:38:20'),
(40, 'New update', 'Theres a news updates 123', '', 21, 0, 'crawler', 0, '', 0, 0, 1, '2016-09-14 05:53:02'),
(41, 'WHoa Site', 'https://www.whoa.ph/', '', 1, 0, 'fullscreen', 0, '', 0, 0, 0, '2016-09-21 18:35:54'),
(42, 'Breaking news', 'Duterte news ', '', 1, 0, 'crawler', 0, '', 0, 0, 0, '2016-09-21 18:35:51'),
(43, 'PPA Sched', 'http://whoa.ph/ppa/?p=6', '', 1, 0, 'fullscreen', 0, '', 0, 0, 0, '2016-09-21 18:35:48'),
(44, 'Dice', 'https://upload.wikimedia.org/wikipedia/commons/4/47/PNG_transparency_demonstration_1.png', '', 1, 0, 'fullscreen', 0, '', 0, 0, 0, '2016-09-23 10:01:45'),
(45, 'Sample ', 'http://localhost/ISSP-admin/transparent.html', '', 1, 0, 'fullscreen', 0, '', 0, 0, 0, '2016-09-23 10:01:49'),
(46, 'News Updates', 'http://inventiv.ph/playerdev/trans.html', '', 1, 0, 'fullscreen', 0, '', 0, 0, 1, '2016-09-21 19:13:25'),
(47, 'Sample Announcement', 'Sample Announcement here!!', '', 1, 0, 'crawler', 0, '', 0, 0, 0, '2016-09-23 10:01:39'),
(48, 'News thing', 'http://inventiv.ph/playerdev/trans.html', '', 1, 0, 'fullscreen', 0, '', 0, 0, 0, '2016-09-23 12:34:09'),
(49, 'PPA Batangas Port', '', '', 1, 0, 'inline', 0, '', 0, 0, 0, '2016-09-23 09:19:19'),
(50, 'Batangas port', 'http://inventiv.ph/ppaplayer/?screen=1', '', 1, 0, 'inline', 0, '', 0, 0, 1, '2016-09-23 09:20:13'),
(51, 'PPA Arrival', 'http://whoa.ph/ppa/?p=18', '', 1, 0, 'fullscreen', 0, '', 0, 0, 0, '2016-09-23 14:24:53'),
(52, 'PPA Departure', 'http://whoa.ph/ppa/?p=20', '', 1, 0, 'fullscreen', 0, '', 0, 0, 0, '2016-09-23 14:24:49'),
(53, 'coca-cola-ad-wallpaper.jpg', 'https://isspbucket.s3-ap-southeast-1.amazonaws.com/inventiv-client-1/coca-cola-ad-wallpaper.jpg', '', 1, 0, 'image/jpeg', 82518, '1', 0, 0, 1, '2016-09-23 10:59:12'),
(54, 'coca-cola-ad-wallpaper.jpg', 'https://isspbucket.s3-ap-southeast-1.amazonaws.com/inventiv-client-1/coca-cola-ad-wallpaper.jpg', '', 1, 0, 'image/jpeg', 82518, '1', 0, 0, 1, '2016-09-23 10:59:12'),
(55, 'adidasgirls.jpg', 'https://isspbucket.s3-ap-southeast-1.amazonaws.com/inventiv-client-1/adidasgirls.jpg', '', 1, 0, 'image/jpeg', 274085, '1', 0, 0, 1, '2016-09-23 10:59:40'),
(56, 'Clock', 'http://issp.inventiv.ph/smdemo/time', '', 1, 0, 'fullscreen', 0, '', 0, 0, 0, '2016-09-23 14:24:45'),
(57, 'Inline Clock', 'http://issp.inventiv.ph/smdemo/time/', '', 1, 0, 'inline', 0, '', 0, 0, 1, '2016-09-23 11:09:24'),
(58, 'Greyhound', 'http://issp.inventiv.ph/mswlivegreyhound', '', 1, 0, 'fullscreen', 0, '', 0, 0, 0, '2016-09-23 12:34:00'),
(59, 'Sample Inline Sched', 'http://whoa.ph/ppa/?p=18', '', 1, 0, 'inline', 0, '', 0, 0, 0, '2016-09-23 14:24:36'),
(60, 'Small Sched', 'http://whoa.ph/ppa/?p=24', '', 1, 0, 'inline', 0, '', 0, 0, 1, '2016-09-23 14:07:33'),
(61, 'Big Sched', 'http://whoa.ph/ppa/?p=6', '', 1, 0, 'inline', 0, '', 0, 0, 1, '2016-09-23 14:23:41'),
(62, '0.jpg', 'https://isspbucket.s3-ap-southeast-1.amazonaws.com/inventiv-client-1/0.jpg', '', 1, 0, 'image/jpeg', 42251, '1', 0, 0, 1, '2016-09-23 16:03:53'),
(63, '1.jpg', 'https://isspbucket.s3-ap-southeast-1.amazonaws.com/inventiv-client-1/1.jpg', '', 1, 0, 'image/jpeg', 52020, '1', 0, 0, 1, '2016-09-23 16:03:53'),
(64, '2.jpg', 'https://isspbucket.s3-ap-southeast-1.amazonaws.com/inventiv-client-1/2.jpg', '', 1, 0, 'image/jpeg', 42986, '1', 0, 0, 1, '2016-09-23 16:03:54'),
(65, '3.jpg', 'https://isspbucket.s3-ap-southeast-1.amazonaws.com/inventiv-client-1/3.jpg', '', 1, 0, 'image/jpeg', 42334, '1', 0, 0, 1, '2016-09-23 16:03:54'),
(66, '4.jpg', 'https://isspbucket.s3-ap-southeast-1.amazonaws.com/inventiv-client-1/4.jpg', '', 1, 0, 'image/jpeg', 49072, '1', 0, 0, 1, '2016-09-23 16:03:55'),
(67, 'Big Schedule', 'http://whoa.ph/ppa/?p=6', '', 1, 0, 'fullscreen', 0, '', 0, 0, 1, '2016-09-26 10:57:43'),
(68, 'Android.png', 'https://isspbucket.s3-ap-southeast-1.amazonaws.com/inventiv-client-1/Android.png', '', 1, 0, 'image/png', 474851, '1', 0, 0, 1, '2016-09-27 03:29:26'),
(69, 'Coca-Cola.webm', 'https://isspbucket.s3-ap-southeast-1.amazonaws.com/inventiv-client-1/Coca-Cola.webm', '', 1, 0, 'video/webm', 2478319, '1', 0, 0, 1, '2016-09-28 16:43:41'),
(70, 'Colgate.webm', 'https://isspbucket.s3-ap-southeast-1.amazonaws.com/inventiv-client-1/Colgate.webm', '', 1, 0, 'video/webm', 2637494, '1', 0, 0, 1, '2016-09-28 16:43:43'),
(71, 'Coke.webm', 'https://isspbucket.s3-ap-southeast-1.amazonaws.com/inventiv-client-1/Coke.webm', '', 1, 0, 'video/webm', 1233449, '1', 0, 0, 1, '2016-09-28 16:43:43'),
(72, 'kitkat.mp4', 'https://isspbucket.s3-ap-southeast-1.amazonaws.com/inventiv-client-1/kitkat.mp4', '', 1, 0, 'video/mp4', 246372, '1', 0, 0, 1, '2016-09-28 16:56:20'),
(73, 'shampoo.mp4', 'https://isspbucket.s3-ap-southeast-1.amazonaws.com/inventiv-client-1/shampoo.mp4', '', 1, 0, 'video/mp4', 228375, '1', 0, 0, 1, '2016-09-28 16:56:21'),
(74, 'nescafe.mp4', 'https://isspbucket.s3-ap-southeast-1.amazonaws.com/inventiv-client-1/nescafe.mp4', '', 1, 0, 'video/mp4', 384591, '1', 0, 0, 1, '2016-09-28 16:56:21'),
(75, 'nissan.mp4', 'https://isspbucket.s3-ap-southeast-1.amazonaws.com/inventiv-client-1/nissan.mp4', '', 1, 0, 'video/mp4', 294353, '1', 0, 0, 1, '2016-09-28 16:56:23'),
(76, 'trailer-of-the-week.mp4', 'https://isspbucket.s3-ap-southeast-1.amazonaws.com/inventiv-client-1/7775f8a6c8f6e81cfd49d453c01e4216.mp4', '', 1, 0, 'video/mp4', 4372373, '1', 0, 0, 1, '2016-09-29 09:25:28'),
(77, 'sale-5601231.mp4', 'https://isspbucket.s3-ap-southeast-1.amazonaws.com/inventiv-client-1/4873a624314bcec4b87dbc9825a4b28a.mp4', '', 1, 0, 'video/mp4', 640074, '1', 0, 0, 1, '2016-09-29 09:27:33'),
(78, 'take this', '', '', 1, 0, 'videoads', 640074, '1', 0, 0, 1, '2016-09-29 09:34:47'),
(79, 'Sample Ads 123', 'https://isspbucket.s3-ap-southeast-1.amazonaws.com/inventiv-client-1/7775f8a6c8f6e81cfd49d453c01e4216.mp4', '', 1, 0, 'videoads', 4372373, '1', 0, 0, 1, '2016-09-29 09:36:44');

-- --------------------------------------------------------

--
-- Table structure for table `media_logs`
--

CREATE TABLE IF NOT EXISTS `media_logs` (
  `media_id` int(11) NOT NULL,
  `schedule_id` int(11) NOT NULL,
  `campaign_id` int(11) NOT NULL,
  `publisher_id` int(11) NOT NULL,
  `logdate` timestamp NOT NULL DEFAULT CURRENT_TIMESTAMP,
  `screen_id` int(11) NOT NULL
) ENGINE=InnoDB DEFAULT CHARSET=latin1;

--
-- Dumping data for table `media_logs`
--

INSERT INTO `media_logs` (`media_id`, `schedule_id`, `campaign_id`, `publisher_id`, `logdate`, `screen_id`) VALUES
(19, 0, 1, 0, '2016-09-09 07:23:32', 68),
(21, 0, 2, 0, '2016-09-09 07:23:32', 68),
(20, 0, 1, 0, '2016-09-09 07:23:42', 68),
(23, 0, 1, 0, '2016-09-09 07:23:42', 68),
(20, 0, 2, 0, '2016-09-09 07:23:42', 68),
(24, 0, 1, 0, '2016-09-09 07:23:52', 68),
(21, 0, 2, 0, '2016-09-09 07:23:53', 68),
(20, 0, 2, 0, '2016-09-09 07:24:05', 68),
(21, 0, 2, 0, '2016-09-09 07:24:16', 68),
(20, 0, 2, 0, '2016-09-09 07:24:27', 68),
(21, 0, 2, 0, '2016-09-09 07:24:37', 68),
(20, 0, 2, 0, '2016-09-09 07:24:48', 68),
(19, 0, 1, 0, '2016-09-09 07:24:53', 68),
(21, 0, 2, 0, '2016-09-09 07:24:58', 68),
(20, 0, 1, 0, '2016-09-09 07:25:03', 68),
(23, 0, 1, 0, '2016-09-09 07:25:03', 68),
(20, 0, 2, 0, '2016-09-09 07:25:08', 68),
(24, 0, 1, 0, '2016-09-09 07:25:13', 68),
(21, 0, 2, 0, '2016-09-09 07:25:19', 68),
(20, 0, 2, 0, '2016-09-09 07:25:30', 68),
(21, 0, 2, 0, '2016-09-09 07:25:40', 68),
(20, 0, 2, 0, '2016-09-09 07:25:51', 68),
(21, 0, 2, 0, '2016-09-09 07:26:01', 68),
(20, 0, 2, 0, '2016-09-09 07:26:11', 68),
(19, 0, 1, 0, '2016-09-09 07:26:14', 68),
(21, 0, 2, 0, '2016-09-09 07:26:21', 68),
(20, 0, 1, 0, '2016-09-09 07:26:24', 68),
(23, 0, 1, 0, '2016-09-09 07:26:24', 68),
(20, 0, 2, 0, '2016-09-09 07:26:32', 68),
(24, 0, 1, 0, '2016-09-09 07:26:34', 68),
(21, 0, 2, 0, '2016-09-09 07:26:43', 68),
(20, 0, 2, 0, '2016-09-09 07:26:54', 68),
(21, 0, 2, 0, '2016-09-09 07:27:05', 68),
(20, 0, 2, 0, '2016-09-09 07:27:15', 68),
(21, 0, 2, 0, '2016-09-09 07:27:26', 68),
(19, 0, 1, 0, '2016-09-09 07:27:35', 68),
(20, 0, 2, 0, '2016-09-09 07:27:37', 68),
(20, 0, 1, 0, '2016-09-09 07:27:45', 68),
(23, 0, 1, 0, '2016-09-09 07:27:45', 68),
(21, 0, 2, 0, '2016-09-09 07:27:47', 68),
(24, 0, 1, 0, '2016-09-09 07:27:55', 68),
(20, 0, 2, 0, '2016-09-09 07:27:59', 68),
(21, 0, 2, 0, '2016-09-09 07:28:09', 68),
(20, 0, 2, 0, '2016-09-09 07:28:20', 68),
(21, 0, 2, 0, '2016-09-09 07:28:31', 68),
(20, 0, 2, 0, '2016-09-09 07:28:41', 68),
(21, 0, 2, 0, '2016-09-09 07:28:52', 68),
(19, 0, 1, 0, '2016-09-09 07:28:55', 68),
(20, 0, 2, 0, '2016-09-09 07:29:03', 68),
(20, 0, 1, 0, '2016-09-09 07:29:05', 68),
(23, 0, 1, 0, '2016-09-09 07:29:05', 68),
(21, 0, 2, 0, '2016-09-09 07:29:13', 68),
(24, 0, 1, 0, '2016-09-09 07:29:15', 68),
(20, 0, 2, 0, '2016-09-09 07:29:25', 68),
(21, 0, 2, 0, '2016-09-09 07:29:36', 68),
(20, 0, 2, 0, '2016-09-09 07:29:46', 68),
(21, 0, 2, 0, '2016-09-09 07:29:57', 68),
(20, 0, 2, 0, '2016-09-09 07:30:07', 68),
(19, 0, 1, 0, '2016-09-09 07:30:16', 68),
(21, 0, 2, 0, '2016-09-09 07:30:17', 68),
(20, 0, 1, 0, '2016-09-09 07:30:26', 68),
(23, 0, 1, 0, '2016-09-09 07:30:26', 68),
(20, 0, 2, 0, '2016-09-09 07:30:28', 68),
(24, 0, 1, 0, '2016-09-09 07:30:36', 68),
(21, 0, 2, 0, '2016-09-09 07:30:39', 68),
(20, 0, 2, 0, '2016-09-09 07:30:50', 68),
(21, 0, 2, 0, '2016-09-09 07:31:00', 68),
(20, 0, 2, 0, '2016-09-09 07:31:11', 68),
(21, 0, 2, 0, '2016-09-09 07:31:21', 68),
(20, 0, 2, 0, '2016-09-09 07:31:31', 68),
(19, 0, 1, 0, '2016-09-09 07:31:37', 68),
(21, 0, 2, 0, '2016-09-09 07:31:41', 68),
(20, 0, 1, 0, '2016-09-09 07:31:47', 68),
(23, 0, 1, 0, '2016-09-09 07:31:47', 68),
(20, 0, 2, 0, '2016-09-09 07:31:52', 68),
(24, 0, 1, 0, '2016-09-09 07:31:57', 68),
(21, 0, 2, 0, '2016-09-09 07:32:02', 68),
(20, 0, 2, 0, '2016-09-09 07:32:13', 68),
(21, 0, 2, 0, '2016-09-09 07:32:24', 68),
(20, 0, 2, 0, '2016-09-09 07:32:35', 68),
(21, 0, 2, 0, '2016-09-09 07:32:45', 68),
(20, 0, 2, 0, '2016-09-09 07:32:56', 68),
(19, 0, 1, 0, '2016-09-09 07:32:58', 68),
(21, 0, 2, 0, '2016-09-09 07:33:06', 68),
(20, 0, 1, 0, '2016-09-09 07:33:08', 68),
(23, 0, 1, 0, '2016-09-09 07:33:08', 68),
(20, 0, 2, 0, '2016-09-09 07:33:16', 68),
(24, 0, 1, 0, '2016-09-09 07:33:18', 68),
(21, 0, 2, 0, '2016-09-09 07:33:28', 68),
(20, 0, 2, 0, '2016-09-09 07:33:38', 68),
(21, 0, 2, 0, '2016-09-09 07:33:50', 68),
(20, 0, 2, 0, '2016-09-09 07:34:00', 68),
(21, 0, 2, 0, '2016-09-09 07:34:11', 68),
(19, 0, 1, 0, '2016-09-09 07:34:19', 68),
(20, 0, 2, 0, '2016-09-09 07:34:22', 68),
(19, 0, 1, 0, '2016-09-09 07:34:35', 68),
(21, 0, 2, 0, '2016-09-09 07:34:35', 68),
(19, 0, 1, 0, '2016-09-09 07:34:47', 68),
(21, 0, 2, 0, '2016-09-09 07:34:47', 68),
(20, 0, 1, 0, '2016-09-09 07:34:57', 68),
(23, 0, 1, 0, '2016-09-09 07:34:57', 68),
(20, 0, 2, 0, '2016-09-09 07:34:58', 68),
(24, 0, 1, 0, '2016-09-09 07:35:07', 68),
(21, 0, 2, 0, '2016-09-09 07:35:09', 68),
(20, 0, 2, 0, '2016-09-09 07:35:20', 68),
(21, 0, 2, 0, '2016-09-09 07:35:30', 68),
(20, 0, 2, 0, '2016-09-09 07:35:40', 68),
(21, 0, 2, 0, '2016-09-09 07:35:51', 68),
(20, 0, 2, 0, '2016-09-09 07:36:01', 68),
(19, 0, 1, 0, '2016-09-09 07:36:08', 68),
(21, 0, 2, 0, '2016-09-09 07:36:11', 68),
(20, 0, 1, 0, '2016-09-09 07:36:18', 68),
(23, 0, 1, 0, '2016-09-09 07:36:18', 68),
(20, 0, 2, 0, '2016-09-09 07:36:22', 68),
(24, 0, 1, 0, '2016-09-09 07:36:28', 68),
(21, 0, 2, 0, '2016-09-09 07:36:32', 68),
(20, 0, 2, 0, '2016-09-09 07:36:43', 68),
(21, 0, 2, 0, '2016-09-09 07:36:53', 68),
(20, 0, 2, 0, '2016-09-09 07:37:04', 68),
(21, 0, 2, 0, '2016-09-09 07:37:14', 68),
(20, 0, 2, 0, '2016-09-09 07:37:24', 68),
(19, 0, 1, 0, '2016-09-09 07:37:29', 68),
(21, 0, 2, 0, '2016-09-09 07:37:34', 68),
(20, 0, 1, 0, '2016-09-09 07:37:39', 68),
(23, 0, 1, 0, '2016-09-09 07:37:39', 68),
(20, 0, 2, 0, '2016-09-09 07:37:44', 68),
(24, 0, 1, 0, '2016-09-09 07:37:49', 68),
(21, 0, 2, 0, '2016-09-09 07:37:55', 68),
(20, 0, 2, 0, '2016-09-09 07:38:05', 68),
(21, 0, 2, 0, '2016-09-09 07:38:16', 68),
(20, 0, 2, 0, '2016-09-09 07:38:26', 68),
(21, 0, 2, 0, '2016-09-09 07:38:36', 68),
(20, 0, 2, 0, '2016-09-09 07:38:47', 68),
(19, 0, 1, 0, '2016-09-09 07:38:49', 68),
(21, 0, 2, 0, '2016-09-09 07:38:57', 68),
(20, 0, 1, 0, '2016-09-09 07:38:59', 68),
(23, 0, 1, 0, '2016-09-09 07:38:59', 68),
(20, 0, 2, 0, '2016-09-09 07:39:07', 68),
(24, 0, 1, 0, '2016-09-09 07:39:09', 68),
(21, 0, 2, 0, '2016-09-09 07:39:18', 68),
(20, 0, 2, 0, '2016-09-09 07:39:29', 68),
(21, 0, 2, 0, '2016-09-09 07:39:40', 68),
(20, 0, 2, 0, '2016-09-09 07:39:50', 68),
(21, 0, 2, 0, '2016-09-09 07:40:01', 68),
(19, 0, 1, 0, '2016-09-09 07:40:09', 68),
(20, 0, 2, 0, '2016-09-09 07:40:12', 68),
(20, 0, 1, 0, '2016-09-09 07:40:20', 68),
(23, 0, 1, 0, '2016-09-09 07:40:20', 68),
(21, 0, 2, 0, '2016-09-09 07:40:22', 68),
(24, 0, 1, 0, '2016-09-09 07:40:30', 68),
(20, 0, 2, 0, '2016-09-09 07:40:33', 68),
(21, 0, 2, 0, '2016-09-09 07:40:44', 68),
(20, 0, 2, 0, '2016-09-09 07:40:54', 68),
(21, 0, 2, 0, '2016-09-09 07:41:05', 68),
(20, 0, 2, 0, '2016-09-09 07:41:16', 68),
(21, 0, 2, 0, '2016-09-09 07:41:26', 68),
(19, 0, 1, 0, '2016-09-09 07:41:30', 68),
(20, 0, 2, 0, '2016-09-09 07:41:36', 68),
(20, 0, 1, 0, '2016-09-09 07:41:40', 68),
(23, 0, 1, 0, '2016-09-09 07:41:40', 68),
(21, 0, 2, 0, '2016-09-09 07:41:46', 68),
(24, 0, 1, 0, '2016-09-09 07:41:50', 68),
(20, 0, 2, 0, '2016-09-09 07:41:58', 68),
(21, 0, 2, 0, '2016-09-09 07:42:09', 68),
(20, 0, 2, 0, '2016-09-09 07:42:20', 68),
(21, 0, 2, 0, '2016-09-09 07:42:30', 68),
(20, 0, 2, 0, '2016-09-09 07:42:41', 68),
(19, 0, 1, 0, '2016-09-09 07:42:50', 68),
(21, 0, 2, 0, '2016-09-09 07:42:51', 68),
(20, 0, 1, 0, '2016-09-09 07:43:01', 68),
(23, 0, 1, 0, '2016-09-09 07:43:01', 68),
(20, 0, 2, 0, '2016-09-09 07:43:01', 68),
(24, 0, 1, 0, '2016-09-09 07:43:11', 68),
(21, 0, 2, 0, '2016-09-09 07:43:13', 68),
(20, 0, 2, 0, '2016-09-09 07:43:23', 68),
(21, 0, 2, 0, '2016-09-09 07:43:34', 68),
(20, 0, 2, 0, '2016-09-09 07:43:44', 68),
(21, 0, 2, 0, '2016-09-09 07:43:54', 68),
(20, 0, 2, 0, '2016-09-09 07:44:04', 68),
(19, 0, 1, 0, '2016-09-09 07:44:11', 68),
(21, 0, 2, 0, '2016-09-09 07:44:14', 68),
(20, 0, 1, 0, '2016-09-09 07:44:21', 68),
(23, 0, 1, 0, '2016-09-09 07:44:21', 68),
(20, 0, 2, 0, '2016-09-09 07:44:25', 68),
(24, 0, 1, 0, '2016-09-09 07:44:31', 68),
(21, 0, 2, 0, '2016-09-09 07:44:35', 68),
(20, 0, 2, 0, '2016-09-09 07:44:46', 68),
(21, 0, 2, 0, '2016-09-09 07:44:56', 68),
(20, 0, 2, 0, '2016-09-09 07:45:06', 68),
(21, 0, 2, 0, '2016-09-09 07:45:16', 68),
(20, 0, 2, 0, '2016-09-09 07:45:26', 68),
(19, 0, 1, 0, '2016-09-09 07:45:32', 68),
(21, 0, 2, 0, '2016-09-09 07:45:36', 68),
(20, 0, 1, 0, '2016-09-09 07:45:42', 68),
(23, 0, 1, 0, '2016-09-09 07:45:42', 68),
(20, 0, 2, 0, '2016-09-09 07:45:47', 68),
(24, 0, 1, 0, '2016-09-09 07:45:52', 68),
(21, 0, 2, 0, '2016-09-09 07:45:57', 68),
(20, 0, 2, 0, '2016-09-09 07:46:08', 68),
(21, 0, 2, 0, '2016-09-09 07:46:18', 68),
(20, 0, 2, 0, '2016-09-09 07:46:29', 68),
(21, 0, 2, 0, '2016-09-09 07:46:39', 68),
(20, 0, 2, 0, '2016-09-09 07:46:49', 68),
(19, 0, 1, 0, '2016-09-09 07:46:52', 68),
(21, 0, 2, 0, '2016-09-09 07:46:59', 68),
(20, 0, 1, 0, '2016-09-09 07:47:02', 68),
(23, 0, 1, 0, '2016-09-09 07:47:02', 68),
(20, 0, 2, 0, '2016-09-09 07:47:09', 68),
(24, 0, 1, 0, '2016-09-09 07:47:12', 68),
(21, 0, 2, 0, '2016-09-09 07:47:20', 68),
(20, 0, 2, 0, '2016-09-09 07:47:31', 68),
(21, 0, 2, 0, '2016-09-09 07:47:41', 68),
(20, 0, 2, 0, '2016-09-09 07:47:52', 68),
(21, 0, 2, 0, '2016-09-09 07:48:02', 68),
(19, 0, 1, 0, '2016-09-09 07:48:12', 68),
(20, 0, 2, 0, '2016-09-09 07:48:13', 68),
(20, 0, 1, 0, '2016-09-09 07:48:23', 68),
(23, 0, 1, 0, '2016-09-09 07:48:23', 68),
(21, 0, 2, 0, '2016-09-09 07:48:23', 68),
(24, 0, 1, 0, '2016-09-09 07:48:33', 68),
(20, 0, 2, 0, '2016-09-09 07:48:35', 68),
(21, 0, 2, 0, '2016-09-09 07:48:45', 68),
(20, 0, 2, 0, '2016-09-09 07:48:56', 68),
(21, 0, 2, 0, '2016-09-09 07:49:06', 68),
(20, 0, 2, 0, '2016-09-09 07:49:17', 68),
(21, 0, 2, 0, '2016-09-09 07:49:28', 68),
(19, 0, 1, 0, '2016-09-09 07:49:33', 68),
(20, 0, 2, 0, '2016-09-09 07:49:38', 68),
(20, 0, 1, 0, '2016-09-09 07:49:44', 68),
(23, 0, 1, 0, '2016-09-09 07:49:44', 68),
(21, 0, 2, 0, '2016-09-09 07:49:48', 68),
(24, 0, 1, 0, '2016-09-09 07:49:54', 68),
(20, 0, 2, 0, '2016-09-09 07:50:00', 68),
(21, 0, 2, 0, '2016-09-09 07:50:11', 68),
(20, 0, 2, 0, '2016-09-09 07:50:22', 68),
(21, 0, 2, 0, '2016-09-09 07:50:32', 68),
(20, 0, 2, 0, '2016-09-09 07:50:43', 68),
(21, 0, 2, 0, '2016-09-09 07:50:53', 68),
(19, 0, 1, 0, '2016-09-09 07:50:54', 68),
(20, 0, 2, 0, '2016-09-09 07:51:04', 68),
(20, 0, 1, 0, '2016-09-09 07:51:05', 68),
(23, 0, 1, 0, '2016-09-09 07:51:05', 68),
(21, 0, 2, 0, '2016-09-09 07:51:14', 68),
(24, 0, 1, 0, '2016-09-09 07:51:15', 68),
(20, 0, 2, 0, '2016-09-09 07:51:25', 68),
(21, 0, 2, 0, '2016-09-09 07:51:36', 68),
(20, 0, 2, 0, '2016-09-09 07:51:46', 68),
(21, 0, 2, 0, '2016-09-09 07:51:56', 68),
(20, 0, 2, 0, '2016-09-09 07:52:07', 68),
(19, 0, 1, 0, '2016-09-09 07:52:15', 68),
(21, 0, 2, 0, '2016-09-09 07:52:17', 68),
(20, 0, 1, 0, '2016-09-09 07:52:25', 68),
(23, 0, 1, 0, '2016-09-09 07:52:25', 68),
(20, 0, 2, 0, '2016-09-09 07:52:28', 68),
(24, 0, 1, 0, '2016-09-09 07:52:35', 68),
(21, 0, 2, 0, '2016-09-09 07:52:38', 68),
(20, 0, 2, 0, '2016-09-09 07:52:48', 68),
(21, 0, 2, 0, '2016-09-09 07:53:00', 68),
(20, 0, 2, 0, '2016-09-09 07:53:10', 68),
(21, 0, 2, 0, '2016-09-09 07:53:20', 68),
(20, 0, 2, 0, '2016-09-09 07:53:31', 68),
(19, 0, 1, 0, '2016-09-09 07:53:36', 68),
(21, 0, 2, 0, '2016-09-09 07:53:41', 68),
(20, 0, 1, 0, '2016-09-09 07:53:46', 68),
(23, 0, 1, 0, '2016-09-09 07:53:46', 68),
(20, 0, 2, 0, '2016-09-09 07:53:51', 68),
(24, 0, 1, 0, '2016-09-09 07:53:56', 68),
(21, 0, 2, 0, '2016-09-09 07:54:02', 68),
(20, 0, 2, 0, '2016-09-09 07:54:12', 68),
(21, 0, 2, 0, '2016-09-09 07:54:23', 68),
(20, 0, 2, 0, '2016-09-09 07:54:34', 68),
(21, 0, 2, 0, '2016-09-09 07:54:44', 68),
(20, 0, 2, 0, '2016-09-09 07:54:54', 68),
(19, 0, 1, 0, '2016-09-09 07:54:57', 68),
(21, 0, 2, 0, '2016-09-09 07:55:04', 68),
(20, 0, 1, 0, '2016-09-09 07:55:07', 68),
(23, 0, 1, 0, '2016-09-09 07:55:07', 68),
(20, 0, 2, 0, '2016-09-09 07:55:14', 68),
(24, 0, 1, 0, '2016-09-09 07:55:17', 68),
(21, 0, 2, 0, '2016-09-09 07:55:26', 68),
(20, 0, 2, 0, '2016-09-09 07:55:37', 68),
(21, 0, 2, 0, '2016-09-09 07:55:48', 68),
(20, 0, 2, 0, '2016-09-09 07:55:58', 68),
(21, 0, 2, 0, '2016-09-09 07:56:09', 68),
(19, 0, 1, 0, '2016-09-09 07:56:17', 68),
(20, 0, 2, 0, '2016-09-09 07:56:20', 68),
(20, 0, 1, 0, '2016-09-09 07:56:28', 68),
(23, 0, 1, 0, '2016-09-09 07:56:28', 68),
(21, 0, 2, 0, '2016-09-09 07:56:30', 68),
(24, 0, 1, 0, '2016-09-09 07:56:38', 68),
(20, 0, 2, 0, '2016-09-09 07:56:42', 68),
(21, 0, 2, 0, '2016-09-09 07:56:53', 68),
(20, 0, 2, 0, '2016-09-09 07:57:03', 68),
(21, 0, 2, 0, '2016-09-09 07:57:14', 68),
(20, 0, 2, 0, '2016-09-09 07:57:24', 68),
(21, 0, 2, 0, '2016-09-09 07:57:35', 68),
(19, 0, 1, 0, '2016-09-09 07:57:38', 68),
(20, 0, 2, 0, '2016-09-09 07:57:45', 68),
(20, 0, 1, 0, '2016-09-09 07:57:48', 68),
(23, 0, 1, 0, '2016-09-09 07:57:48', 68),
(21, 0, 2, 0, '2016-09-09 07:57:55', 68),
(24, 0, 1, 0, '2016-09-09 07:57:58', 68),
(20, 0, 2, 0, '2016-09-09 07:58:07', 68),
(21, 0, 2, 0, '2016-09-09 07:58:18', 68),
(20, 0, 2, 0, '2016-09-09 07:58:28', 68),
(21, 0, 2, 0, '2016-09-09 07:58:39', 68),
(20, 0, 2, 0, '2016-09-09 07:58:49', 68),
(19, 0, 1, 0, '2016-09-09 07:58:58', 68),
(21, 0, 2, 0, '2016-09-09 07:58:59', 68),
(20, 0, 1, 0, '2016-09-09 07:59:09', 68),
(23, 0, 1, 0, '2016-09-09 07:59:09', 68),
(20, 0, 2, 0, '2016-09-09 07:59:09', 68),
(24, 0, 1, 0, '2016-09-09 07:59:19', 68),
(21, 0, 2, 0, '2016-09-09 07:59:21', 68),
(20, 0, 2, 0, '2016-09-09 07:59:32', 68),
(21, 0, 2, 0, '2016-09-09 07:59:42', 68),
(20, 0, 2, 0, '2016-09-09 07:59:52', 68),
(21, 0, 2, 0, '2016-09-09 08:00:03', 68),
(20, 0, 2, 0, '2016-09-09 08:00:13', 68),
(19, 0, 1, 0, '2016-09-09 08:00:19', 68),
(21, 0, 2, 0, '2016-09-09 08:00:23', 68),
(20, 0, 1, 0, '2016-09-09 08:00:29', 68),
(23, 0, 1, 0, '2016-09-09 08:00:29', 68),
(20, 0, 2, 0, '2016-09-09 08:00:33', 68),
(24, 0, 1, 0, '2016-09-09 08:00:39', 68),
(21, 0, 2, 0, '2016-09-09 08:00:44', 68),
(20, 0, 2, 0, '2016-09-09 08:00:55', 68),
(21, 0, 2, 0, '2016-09-09 08:01:05', 68),
(20, 0, 2, 0, '2016-09-09 08:01:16', 68),
(21, 0, 2, 0, '2016-09-09 08:01:26', 68),
(20, 0, 2, 0, '2016-09-09 08:01:36', 68),
(19, 0, 1, 0, '2016-09-09 08:01:39', 68),
(21, 0, 2, 0, '2016-09-09 08:01:46', 68),
(20, 0, 1, 0, '2016-09-09 08:01:50', 68),
(23, 0, 1, 0, '2016-09-09 08:01:50', 68),
(20, 0, 2, 0, '2016-09-09 08:01:56', 68),
(24, 0, 1, 0, '2016-09-09 08:02:00', 68),
(21, 0, 2, 0, '2016-09-09 08:02:07', 68),
(20, 0, 2, 0, '2016-09-09 08:02:18', 68),
(21, 0, 2, 0, '2016-09-09 08:02:29', 68),
(20, 0, 2, 0, '2016-09-09 08:02:39', 68),
(21, 0, 2, 0, '2016-09-09 08:02:50', 68),
(19, 0, 1, 0, '2016-09-09 08:03:00', 68),
(20, 0, 2, 0, '2016-09-09 08:03:00', 68),
(20, 0, 1, 0, '2016-09-09 08:03:10', 68),
(23, 0, 1, 0, '2016-09-09 08:03:10', 68),
(21, 0, 2, 0, '2016-09-09 08:03:11', 68),
(24, 0, 1, 0, '2016-09-09 08:03:20', 68),
(20, 0, 2, 0, '2016-09-09 08:03:23', 68),
(21, 0, 2, 0, '2016-09-09 08:03:34', 68),
(20, 0, 2, 0, '2016-09-09 08:03:45', 68),
(21, 0, 2, 0, '2016-09-09 08:03:55', 68),
(20, 0, 2, 0, '2016-09-09 08:04:06', 68),
(21, 0, 2, 0, '2016-09-09 08:04:16', 68),
(19, 0, 1, 0, '2016-09-09 08:04:21', 68),
(20, 0, 2, 0, '2016-09-09 08:04:27', 68),
(20, 0, 1, 0, '2016-09-09 08:04:31', 68),
(23, 0, 1, 0, '2016-09-09 08:04:32', 68),
(21, 0, 2, 0, '2016-09-09 08:04:37', 68),
(24, 0, 1, 0, '2016-09-09 08:04:41', 68),
(20, 0, 2, 0, '2016-09-09 08:04:48', 68),
(21, 0, 2, 0, '2016-09-09 08:04:59', 68),
(20, 0, 2, 0, '2016-09-09 08:05:10', 68),
(21, 0, 2, 0, '2016-09-09 08:05:20', 68),
(20, 0, 2, 0, '2016-09-09 08:05:31', 68),
(21, 0, 2, 0, '2016-09-09 08:05:41', 68),
(19, 0, 1, 0, '2016-09-09 08:05:42', 68),
(20, 0, 2, 0, '2016-09-09 08:05:52', 68),
(20, 0, 1, 0, '2016-09-09 08:05:52', 68),
(23, 0, 1, 0, '2016-09-09 08:05:52', 68),
(21, 0, 2, 0, '2016-09-09 08:06:02', 68),
(24, 0, 1, 0, '2016-09-09 08:06:02', 68),
(20, 0, 2, 0, '2016-09-09 08:06:14', 68),
(21, 0, 2, 0, '2016-09-09 08:06:26', 68),
(20, 0, 2, 0, '2016-09-09 08:06:37', 68),
(21, 0, 2, 0, '2016-09-09 08:06:47', 68),
(20, 0, 2, 0, '2016-09-09 08:06:57', 68),
(19, 0, 1, 0, '2016-09-09 08:07:02', 68),
(21, 0, 2, 0, '2016-09-09 08:07:07', 68),
(20, 0, 1, 0, '2016-09-09 08:07:13', 68),
(23, 0, 1, 0, '2016-09-09 08:07:13', 68),
(20, 0, 2, 0, '2016-09-09 08:07:17', 68),
(24, 0, 1, 0, '2016-09-09 08:07:23', 68),
(21, 0, 2, 0, '2016-09-09 08:07:28', 68),
(20, 0, 2, 0, '2016-09-09 08:07:39', 68),
(21, 0, 2, 0, '2016-09-09 08:07:49', 68),
(20, 0, 2, 0, '2016-09-09 08:07:59', 68),
(21, 0, 2, 0, '2016-09-09 08:08:09', 68),
(20, 0, 2, 0, '2016-09-09 08:08:20', 68),
(19, 0, 1, 0, '2016-09-09 08:08:23', 68),
(21, 0, 2, 0, '2016-09-09 08:08:30', 68),
(20, 0, 1, 0, '2016-09-09 08:08:33', 68),
(23, 0, 1, 0, '2016-09-09 08:08:33', 68),
(20, 0, 2, 0, '2016-09-09 08:08:40', 68),
(24, 0, 1, 0, '2016-09-09 08:08:43', 68),
(21, 0, 2, 0, '2016-09-09 08:08:51', 68),
(20, 0, 2, 0, '2016-09-09 08:09:02', 68),
(21, 0, 2, 0, '2016-09-09 08:09:13', 68),
(20, 0, 2, 0, '2016-09-09 08:09:24', 68),
(21, 0, 2, 0, '2016-09-09 08:09:34', 68),
(19, 0, 1, 0, '2016-09-09 08:09:44', 68),
(20, 0, 2, 0, '2016-09-09 08:09:44', 68),
(20, 0, 1, 0, '2016-09-09 08:09:54', 68),
(23, 0, 1, 0, '2016-09-09 08:09:54', 68),
(21, 0, 2, 0, '2016-09-09 08:09:54', 68),
(24, 0, 1, 0, '2016-09-09 08:10:04', 68),
(20, 0, 2, 0, '2016-09-09 08:10:07', 68),
(21, 0, 2, 0, '2016-09-09 08:10:17', 68),
(20, 0, 2, 0, '2016-09-09 08:10:28', 68),
(21, 0, 2, 0, '2016-09-09 08:10:39', 68),
(20, 0, 2, 0, '2016-09-09 08:10:49', 68),
(21, 0, 2, 0, '2016-09-09 08:11:00', 68),
(19, 0, 1, 0, '2016-09-09 08:11:04', 68),
(20, 0, 2, 0, '2016-09-09 08:11:10', 68),
(20, 0, 1, 0, '2016-09-09 08:11:15', 68),
(23, 0, 1, 0, '2016-09-09 08:11:15', 68),
(21, 0, 2, 0, '2016-09-09 08:11:20', 68),
(24, 0, 1, 0, '2016-09-09 08:11:25', 68),
(20, 0, 2, 0, '2016-09-09 08:11:32', 68),
(21, 0, 2, 0, '2016-09-09 08:11:43', 68),
(20, 0, 2, 0, '2016-09-09 08:11:53', 68),
(21, 0, 2, 0, '2016-09-09 08:12:03', 68),
(20, 0, 2, 0, '2016-09-09 08:12:14', 68),
(21, 0, 2, 0, '2016-09-09 08:12:24', 68),
(19, 0, 1, 0, '2016-09-09 08:12:25', 68),
(20, 0, 2, 0, '2016-09-09 08:12:35', 68),
(20, 0, 1, 0, '2016-09-09 08:12:36', 68),
(23, 0, 1, 0, '2016-09-09 08:12:36', 68),
(21, 0, 2, 0, '2016-09-09 08:12:45', 68),
(24, 0, 1, 0, '2016-09-09 08:12:46', 68),
(20, 0, 2, 0, '2016-09-09 08:12:56', 68),
(21, 0, 2, 0, '2016-09-09 08:13:07', 68),
(20, 0, 2, 0, '2016-09-09 08:13:18', 68),
(21, 0, 2, 0, '2016-09-09 08:13:28', 68),
(20, 0, 2, 0, '2016-09-09 08:13:38', 68),
(19, 0, 1, 0, '2016-09-09 08:13:46', 68),
(21, 0, 2, 0, '2016-09-09 08:13:48', 68),
(20, 0, 1, 0, '2016-09-09 08:13:56', 68),
(23, 0, 1, 0, '2016-09-09 08:13:56', 68),
(20, 0, 2, 0, '2016-09-09 08:13:58', 68),
(24, 0, 1, 0, '2016-09-09 08:14:06', 68),
(21, 0, 2, 0, '2016-09-09 08:14:09', 68),
(20, 0, 2, 0, '2016-09-09 08:14:19', 68),
(21, 0, 2, 0, '2016-09-09 08:14:29', 68),
(20, 0, 2, 0, '2016-09-09 08:14:40', 68),
(21, 0, 2, 0, '2016-09-09 08:14:50', 68),
(20, 0, 2, 0, '2016-09-09 08:15:00', 68),
(19, 0, 1, 0, '2016-09-09 08:15:07', 68),
(21, 0, 2, 0, '2016-09-09 08:15:10', 68),
(20, 0, 1, 0, '2016-09-09 08:15:17', 68),
(23, 0, 1, 0, '2016-09-09 08:15:17', 68),
(20, 0, 2, 0, '2016-09-09 08:15:20', 68),
(24, 0, 1, 0, '2016-09-09 08:15:27', 68),
(21, 0, 2, 0, '2016-09-09 08:15:31', 68),
(20, 0, 2, 0, '2016-09-09 08:15:42', 68),
(21, 0, 2, 0, '2016-09-09 08:15:53', 68),
(20, 0, 2, 0, '2016-09-09 08:16:03', 68),
(21, 0, 2, 0, '2016-09-09 08:16:13', 68),
(20, 0, 2, 0, '2016-09-09 08:16:24', 68),
(19, 0, 1, 0, '2016-09-09 08:16:27', 68),
(21, 0, 2, 0, '2016-09-09 08:16:34', 68),
(20, 0, 1, 0, '2016-09-09 08:16:37', 68),
(23, 0, 1, 0, '2016-09-09 08:16:37', 68),
(20, 0, 2, 0, '2016-09-09 08:16:44', 68),
(24, 0, 1, 0, '2016-09-09 08:16:47', 68),
(21, 0, 2, 0, '2016-09-09 08:16:55', 68),
(20, 0, 2, 0, '2016-09-09 08:17:06', 68),
(21, 0, 2, 0, '2016-09-09 08:17:16', 68),
(20, 0, 2, 0, '2016-09-09 08:17:27', 68),
(21, 0, 2, 0, '2016-09-09 08:17:37', 68),
(20, 0, 2, 0, '2016-09-09 08:17:48', 68),
(19, 0, 1, 0, '2016-09-09 08:17:48', 68),
(21, 0, 2, 0, '2016-09-09 08:17:58', 68),
(20, 0, 1, 0, '2016-09-09 08:17:58', 68),
(23, 0, 1, 0, '2016-09-09 08:17:58', 68),
(20, 0, 2, 0, '2016-09-09 08:18:08', 68),
(24, 0, 1, 0, '2016-09-09 08:18:08', 68),
(21, 0, 2, 0, '2016-09-09 08:18:19', 68),
(20, 0, 2, 0, '2016-09-09 08:18:30', 68),
(21, 0, 2, 0, '2016-09-09 08:18:40', 68),
(20, 0, 2, 0, '2016-09-09 08:18:51', 68),
(21, 0, 2, 0, '2016-09-09 08:19:02', 68),
(19, 0, 1, 0, '2016-09-09 08:19:09', 68),
(20, 0, 2, 0, '2016-09-09 08:19:13', 68),
(20, 0, 1, 0, '2016-09-09 08:19:19', 68),
(23, 0, 1, 0, '2016-09-09 08:19:19', 68),
(21, 0, 2, 0, '2016-09-09 08:19:23', 68),
(24, 0, 1, 0, '2016-09-09 08:19:29', 68),
(20, 0, 2, 0, '2016-09-09 08:19:34', 68),
(21, 0, 2, 0, '2016-09-09 08:19:45', 68),
(20, 0, 2, 0, '2016-09-09 08:19:55', 68),
(21, 0, 2, 0, '2016-09-09 08:20:06', 68),
(20, 0, 2, 0, '2016-09-09 08:20:16', 68),
(21, 0, 2, 0, '2016-09-09 08:20:27', 68),
(19, 0, 1, 0, '2016-09-09 08:20:31', 68),
(20, 0, 2, 0, '2016-09-09 08:20:37', 68),
(20, 0, 1, 0, '2016-09-09 08:20:41', 68),
(23, 0, 1, 0, '2016-09-09 08:20:41', 68),
(21, 0, 2, 0, '2016-09-09 08:20:47', 68),
(24, 0, 1, 0, '2016-09-09 08:20:51', 68),
(20, 0, 2, 0, '2016-09-09 08:20:59', 68),
(21, 0, 2, 0, '2016-09-09 08:21:09', 68),
(20, 0, 2, 0, '2016-09-09 08:21:20', 68),
(21, 0, 2, 0, '2016-09-09 08:21:31', 68),
(20, 0, 2, 0, '2016-09-09 08:21:42', 68),
(19, 0, 1, 0, '2016-09-09 08:21:51', 68),
(21, 0, 2, 0, '2016-09-09 08:21:52', 68),
(20, 0, 1, 0, '2016-09-09 08:22:01', 68),
(23, 0, 1, 0, '2016-09-09 08:22:02', 68),
(20, 0, 2, 0, '2016-09-09 08:22:03', 68),
(24, 0, 1, 0, '2016-09-09 08:22:11', 68),
(21, 0, 2, 0, '2016-09-09 08:22:14', 68),
(20, 0, 2, 0, '2016-09-09 08:22:24', 68),
(21, 0, 2, 0, '2016-09-09 08:22:35', 68),
(20, 0, 2, 0, '2016-09-09 08:22:45', 68),
(21, 0, 2, 0, '2016-09-09 08:22:55', 68),
(20, 0, 2, 0, '2016-09-09 08:23:05', 68),
(19, 0, 1, 0, '2016-09-09 08:23:12', 68),
(21, 0, 2, 0, '2016-09-09 08:23:15', 68),
(20, 0, 1, 0, '2016-09-09 08:23:22', 68),
(23, 0, 1, 0, '2016-09-09 08:23:22', 68),
(20, 0, 2, 0, '2016-09-09 08:23:26', 68),
(24, 0, 1, 0, '2016-09-09 08:23:32', 68),
(21, 0, 2, 0, '2016-09-09 08:23:37', 68),
(20, 0, 2, 0, '2016-09-09 08:23:47', 68),
(21, 0, 2, 0, '2016-09-09 08:23:57', 68),
(20, 0, 2, 0, '2016-09-09 08:24:08', 68),
(21, 0, 2, 0, '2016-09-09 08:24:18', 68),
(20, 0, 2, 0, '2016-09-09 08:24:28', 68),
(19, 0, 1, 0, '2016-09-09 08:24:32', 68),
(21, 0, 2, 0, '2016-09-09 08:24:38', 68),
(20, 0, 1, 0, '2016-09-09 08:24:43', 68),
(23, 0, 1, 0, '2016-09-09 08:24:43', 68),
(20, 0, 2, 0, '2016-09-09 08:24:48', 68),
(24, 0, 1, 0, '2016-09-09 08:24:53', 68),
(21, 0, 2, 0, '2016-09-09 08:24:59', 68),
(20, 0, 2, 0, '2016-09-09 08:25:10', 68),
(21, 0, 2, 0, '2016-09-09 08:25:20', 68),
(20, 0, 2, 0, '2016-09-09 08:25:31', 68),
(21, 0, 2, 0, '2016-09-09 08:25:41', 68),
(20, 0, 2, 0, '2016-09-09 08:25:51', 68),
(19, 0, 1, 0, '2016-09-09 08:25:53', 68),
(21, 0, 2, 0, '2016-09-09 08:26:01', 68),
(20, 0, 1, 0, '2016-09-09 08:26:03', 68),
(23, 0, 1, 0, '2016-09-09 08:26:03', 68),
(20, 0, 2, 0, '2016-09-09 08:26:11', 68),
(24, 0, 1, 0, '2016-09-09 08:26:13', 68),
(21, 0, 2, 0, '2016-09-09 08:26:23', 68),
(20, 0, 2, 0, '2016-09-09 08:26:33', 68),
(21, 0, 2, 0, '2016-09-09 08:26:44', 68),
(20, 0, 2, 0, '2016-09-09 08:26:54', 68),
(21, 0, 2, 0, '2016-09-09 08:27:04', 68),
(19, 0, 1, 0, '2016-09-09 08:27:13', 68),
(20, 0, 2, 0, '2016-09-09 08:27:15', 68),
(20, 0, 1, 0, '2016-09-09 08:27:24', 68),
(23, 0, 1, 0, '2016-09-09 08:27:24', 68),
(21, 0, 2, 0, '2016-09-09 08:27:25', 68),
(24, 0, 1, 0, '2016-09-09 08:27:34', 68),
(20, 0, 2, 0, '2016-09-09 08:27:37', 68),
(21, 0, 2, 0, '2016-09-09 08:27:47', 68),
(20, 0, 2, 0, '2016-09-09 08:27:58', 68),
(21, 0, 2, 0, '2016-09-09 08:28:08', 68),
(20, 0, 2, 0, '2016-09-09 08:28:19', 68),
(21, 0, 2, 0, '2016-09-09 08:28:29', 68),
(19, 0, 1, 0, '2016-09-09 08:28:34', 68),
(20, 0, 2, 0, '2016-09-09 08:28:40', 68),
(20, 0, 1, 0, '2016-09-09 08:28:44', 68),
(23, 0, 1, 0, '2016-09-09 08:28:44', 68),
(21, 0, 2, 0, '2016-09-09 08:28:50', 68),
(24, 0, 1, 0, '2016-09-09 08:28:54', 68),
(20, 0, 2, 0, '2016-09-09 08:29:01', 68),
(21, 0, 2, 0, '2016-09-09 08:29:12', 68),
(20, 0, 2, 0, '2016-09-09 08:29:22', 68),
(21, 0, 2, 0, '2016-09-09 08:29:32', 68),
(20, 0, 2, 0, '2016-09-09 08:29:43', 68),
(21, 0, 2, 0, '2016-09-09 08:29:53', 68),
(19, 0, 1, 0, '2016-09-09 08:29:55', 68),
(20, 0, 2, 0, '2016-09-09 08:30:03', 68),
(20, 0, 1, 0, '2016-09-09 08:30:05', 68),
(23, 0, 1, 0, '2016-09-09 08:30:05', 68),
(21, 0, 2, 0, '2016-09-09 08:30:13', 68),
(24, 0, 1, 0, '2016-09-09 08:30:15', 68),
(20, 0, 2, 0, '2016-09-09 08:30:25', 68),
(21, 0, 2, 0, '2016-09-09 08:30:36', 68),
(20, 0, 2, 0, '2016-09-09 08:30:46', 68),
(21, 0, 2, 0, '2016-09-09 08:30:57', 68),
(20, 0, 2, 0, '2016-09-09 08:31:07', 68),
(19, 0, 1, 0, '2016-09-09 08:31:15', 68),
(21, 0, 2, 0, '2016-09-09 08:31:17', 68),
(20, 0, 1, 0, '2016-09-09 08:31:25', 68),
(23, 0, 1, 0, '2016-09-09 08:31:25', 68),
(20, 0, 2, 0, '2016-09-09 08:31:27', 68),
(24, 0, 1, 0, '2016-09-09 08:31:35', 68),
(21, 0, 2, 0, '2016-09-09 08:31:38', 68),
(20, 0, 2, 0, '2016-09-09 08:31:48', 68),
(21, 0, 2, 0, '2016-09-09 08:31:59', 68),
(20, 0, 2, 0, '2016-09-09 08:32:09', 68),
(21, 0, 2, 0, '2016-09-09 08:32:19', 68),
(20, 0, 2, 0, '2016-09-09 08:32:30', 68),
(19, 0, 1, 0, '2016-09-09 08:32:36', 68),
(21, 0, 2, 0, '2016-09-09 08:32:40', 68),
(20, 0, 1, 0, '2016-09-09 08:32:46', 68),
(23, 0, 1, 0, '2016-09-09 08:32:46', 68),
(20, 0, 2, 0, '2016-09-09 08:32:50', 68),
(24, 0, 1, 0, '2016-09-09 08:32:56', 68),
(21, 0, 2, 0, '2016-09-09 08:33:01', 68),
(20, 0, 2, 0, '2016-09-09 08:33:11', 68),
(21, 0, 2, 0, '2016-09-09 08:33:21', 68),
(20, 0, 2, 0, '2016-09-09 08:33:32', 68),
(21, 0, 2, 0, '2016-09-09 08:33:42', 68),
(20, 0, 2, 0, '2016-09-09 08:33:52', 68),
(19, 0, 1, 0, '2016-09-09 08:33:56', 68),
(21, 0, 2, 0, '2016-09-09 08:34:02', 68),
(20, 0, 1, 0, '2016-09-09 08:34:06', 68),
(23, 0, 1, 0, '2016-09-09 08:34:07', 68),
(20, 0, 2, 0, '2016-09-09 08:34:12', 68),
(24, 0, 1, 0, '2016-09-09 08:34:16', 68),
(21, 0, 2, 0, '2016-09-09 08:34:24', 68),
(20, 0, 2, 0, '2016-09-09 08:34:34', 68),
(21, 0, 2, 0, '2016-09-09 08:34:45', 68),
(20, 0, 2, 0, '2016-09-09 08:34:55', 68),
(21, 0, 2, 0, '2016-09-09 08:35:05', 68),
(20, 0, 2, 0, '2016-09-09 08:35:16', 68),
(19, 0, 1, 0, '2016-09-09 08:35:17', 68),
(21, 0, 2, 0, '2016-09-09 08:35:26', 68),
(20, 0, 1, 0, '2016-09-09 08:35:27', 68),
(23, 0, 1, 0, '2016-09-09 08:35:27', 68),
(20, 0, 2, 0, '2016-09-09 08:35:36', 68),
(24, 0, 1, 0, '2016-09-09 08:35:37', 68),
(21, 0, 2, 0, '2016-09-09 08:35:47', 68),
(20, 0, 2, 0, '2016-09-09 08:35:57', 68),
(21, 0, 2, 0, '2016-09-09 08:36:08', 68),
(20, 0, 2, 0, '2016-09-09 08:36:18', 68),
(21, 0, 2, 0, '2016-09-09 08:36:29', 68),
(19, 0, 1, 0, '2016-09-09 08:36:37', 68),
(20, 0, 2, 0, '2016-09-09 08:36:39', 68),
(20, 0, 1, 0, '2016-09-09 08:36:48', 68),
(23, 0, 1, 0, '2016-09-09 08:36:48', 68),
(21, 0, 2, 0, '2016-09-09 08:36:49', 68),
(24, 0, 1, 0, '2016-09-09 08:36:58', 68),
(20, 0, 2, 0, '2016-09-09 08:37:01', 68),
(21, 0, 2, 0, '2016-09-09 08:37:12', 68),
(20, 0, 2, 0, '2016-09-09 08:37:22', 68),
(21, 0, 2, 0, '2016-09-09 08:37:33', 68),
(20, 0, 2, 0, '2016-09-09 08:37:43', 68),
(21, 0, 2, 0, '2016-09-09 08:37:54', 68),
(19, 0, 1, 0, '2016-09-09 08:37:58', 68),
(20, 0, 2, 0, '2016-09-09 08:38:04', 68),
(20, 0, 1, 0, '2016-09-09 08:38:08', 68),
(23, 0, 1, 0, '2016-09-09 08:38:08', 68),
(21, 0, 2, 0, '2016-09-09 08:38:14', 68),
(24, 0, 1, 0, '2016-09-09 08:38:18', 68),
(20, 0, 2, 0, '2016-09-09 08:38:26', 68),
(21, 0, 2, 0, '2016-09-09 08:38:37', 68),
(20, 0, 2, 0, '2016-09-09 08:38:47', 68),
(21, 0, 2, 0, '2016-09-09 08:38:57', 68),
(20, 0, 2, 0, '2016-09-09 08:39:08', 68),
(21, 0, 2, 0, '2016-09-09 08:39:18', 68),
(19, 0, 1, 0, '2016-09-09 08:39:19', 68),
(20, 0, 2, 0, '2016-09-09 08:39:29', 68),
(20, 0, 1, 0, '2016-09-09 08:39:29', 68),
(23, 0, 1, 0, '2016-09-09 08:39:29', 68),
(21, 0, 2, 0, '2016-09-09 08:39:39', 68),
(24, 0, 1, 0, '2016-09-09 08:39:39', 68),
(20, 0, 2, 0, '2016-09-09 08:39:50', 68),
(21, 0, 2, 0, '2016-09-09 08:40:01', 68),
(20, 0, 2, 0, '2016-09-09 08:40:12', 68),
(21, 0, 2, 0, '2016-09-09 08:40:22', 68),
(20, 0, 2, 0, '2016-09-09 08:40:32', 68),
(19, 0, 1, 0, '2016-09-09 08:40:39', 68),
(21, 0, 2, 0, '2016-09-09 08:40:42', 68),
(20, 0, 1, 0, '2016-09-09 08:40:50', 68),
(23, 0, 1, 0, '2016-09-09 08:40:50', 68),
(20, 0, 2, 0, '2016-09-09 08:40:53', 68),
(24, 0, 1, 0, '2016-09-09 08:41:00', 68),
(21, 0, 2, 0, '2016-09-09 08:41:03', 68),
(20, 0, 2, 0, '2016-09-09 08:41:14', 68),
(21, 0, 2, 0, '2016-09-09 08:41:24', 68),
(20, 0, 2, 0, '2016-09-09 08:41:35', 68),
(21, 0, 2, 0, '2016-09-09 08:41:45', 68),
(20, 0, 2, 0, '2016-09-09 08:41:55', 68),
(19, 0, 1, 0, '2016-09-09 08:42:00', 68),
(21, 0, 2, 0, '2016-09-09 08:42:05', 68),
(20, 0, 1, 0, '2016-09-09 08:42:10', 68),
(23, 0, 1, 0, '2016-09-09 08:42:10', 68),
(20, 0, 2, 0, '2016-09-09 08:42:15', 68),
(24, 0, 1, 0, '2016-09-09 08:42:20', 68),
(21, 0, 2, 0, '2016-09-09 08:42:26', 68),
(20, 0, 2, 0, '2016-09-09 08:42:37', 68),
(21, 0, 2, 0, '2016-09-09 08:42:47', 68),
(20, 0, 2, 0, '2016-09-09 08:42:58', 68),
(21, 0, 2, 0, '2016-09-09 08:43:08', 68),
(20, 0, 2, 0, '2016-09-09 08:43:18', 68),
(19, 0, 1, 0, '2016-09-09 08:43:21', 68),
(21, 0, 2, 0, '2016-09-09 08:43:28', 68),
(20, 0, 1, 0, '2016-09-09 08:43:31', 68),
(23, 0, 1, 0, '2016-09-09 08:43:31', 68),
(20, 0, 2, 0, '2016-09-09 08:43:38', 68),
(24, 0, 1, 0, '2016-09-09 08:43:41', 68),
(21, 0, 2, 0, '2016-09-09 08:43:49', 68),
(20, 0, 2, 0, '2016-09-09 08:44:00', 68),
(21, 0, 2, 0, '2016-09-09 08:44:11', 68),
(20, 0, 2, 0, '2016-09-09 08:44:21', 68),
(21, 0, 2, 0, '2016-09-09 08:44:31', 68),
(19, 0, 1, 0, '2016-09-09 08:44:41', 68),
(20, 0, 2, 0, '2016-09-09 08:44:42', 68),
(20, 0, 1, 0, '2016-09-09 08:44:52', 68),
(23, 0, 1, 0, '2016-09-09 08:44:52', 68),
(21, 0, 2, 0, '2016-09-09 08:44:52', 68),
(24, 0, 1, 0, '2016-09-09 08:45:02', 68),
(20, 0, 2, 0, '2016-09-09 08:45:04', 68),
(21, 0, 2, 0, '2016-09-09 08:45:14', 68),
(20, 0, 2, 0, '2016-09-09 08:45:25', 68),
(21, 0, 2, 0, '2016-09-09 08:45:35', 68),
(20, 0, 2, 0, '2016-09-09 08:45:46', 68),
(21, 0, 2, 0, '2016-09-09 08:45:56', 68),
(19, 0, 1, 0, '2016-09-09 08:46:02', 68),
(20, 0, 2, 0, '2016-09-09 08:46:07', 68),
(20, 0, 1, 0, '2016-09-09 08:46:12', 68),
(23, 0, 1, 0, '2016-09-09 08:46:12', 68),
(21, 0, 2, 0, '2016-09-09 08:46:17', 68),
(24, 0, 1, 0, '2016-09-09 08:46:22', 68),
(20, 0, 2, 0, '2016-09-09 08:46:29', 68),
(21, 0, 2, 0, '2016-09-09 08:46:39', 68),
(20, 0, 2, 0, '2016-09-09 08:46:49', 68),
(21, 0, 2, 0, '2016-09-09 08:47:00', 68),
(20, 0, 2, 0, '2016-09-09 08:47:10', 68),
(21, 0, 2, 0, '2016-09-09 08:47:21', 68),
(19, 0, 1, 0, '2016-09-09 08:47:23', 68),
(20, 0, 2, 0, '2016-09-09 08:47:31', 68),
(20, 0, 1, 0, '2016-09-09 08:47:33', 68),
(23, 0, 1, 0, '2016-09-09 08:47:33', 68),
(21, 0, 2, 0, '2016-09-09 08:47:41', 68),
(24, 0, 1, 0, '2016-09-09 08:47:43', 68),
(20, 0, 2, 0, '2016-09-09 08:47:53', 68),
(21, 0, 2, 0, '2016-09-09 08:48:04', 68),
(20, 0, 2, 0, '2016-09-09 08:48:14', 68),
(21, 0, 2, 0, '2016-09-09 08:48:24', 68),
(20, 0, 2, 0, '2016-09-09 08:48:35', 68),
(19, 0, 1, 0, '2016-09-09 08:48:43', 68),
(21, 0, 2, 0, '2016-09-09 08:48:45', 68),
(20, 0, 1, 0, '2016-09-09 08:48:53', 68),
(23, 0, 1, 0, '2016-09-09 08:48:53', 68),
(20, 0, 2, 0, '2016-09-09 08:48:55', 68),
(24, 0, 1, 0, '2016-09-09 08:49:03', 68),
(21, 0, 2, 0, '2016-09-09 08:49:06', 68),
(20, 0, 2, 0, '2016-09-09 08:49:16', 68),
(21, 0, 2, 0, '2016-09-09 08:49:27', 68),
(20, 0, 2, 0, '2016-09-09 08:49:38', 68),
(21, 0, 2, 0, '2016-09-09 08:49:48', 68),
(20, 0, 2, 0, '2016-09-09 08:49:58', 68),
(19, 0, 1, 0, '2016-09-09 08:50:04', 68),
(21, 0, 2, 0, '2016-09-09 08:50:08', 68),
(20, 0, 1, 0, '2016-09-09 08:50:14', 68),
(23, 0, 1, 0, '2016-09-09 08:50:14', 68),
(20, 0, 2, 0, '2016-09-09 08:50:18', 68),
(24, 0, 1, 0, '2016-09-09 08:50:24', 68),
(21, 0, 2, 0, '2016-09-09 08:50:29', 68),
(20, 0, 2, 0, '2016-09-09 08:50:40', 68),
(21, 0, 2, 0, '2016-09-09 08:50:50', 68),
(20, 0, 2, 0, '2016-09-09 08:51:00', 68),
(21, 0, 2, 0, '2016-09-09 08:51:10', 68),
(20, 0, 2, 0, '2016-09-09 08:51:21', 68),
(19, 0, 1, 0, '2016-09-09 08:51:24', 68),
(21, 0, 2, 0, '2016-09-09 08:51:31', 68),
(20, 0, 1, 0, '2016-09-09 08:51:34', 68),
(23, 0, 1, 0, '2016-09-09 08:51:34', 68),
(20, 0, 2, 0, '2016-09-09 08:51:41', 68),
(24, 0, 1, 0, '2016-09-09 08:51:44', 68),
(21, 0, 2, 0, '2016-09-09 08:51:52', 68),
(20, 0, 2, 0, '2016-09-09 08:52:02', 68),
(21, 0, 2, 0, '2016-09-09 08:52:13', 68),
(20, 0, 2, 0, '2016-09-09 08:52:24', 68),
(21, 0, 2, 0, '2016-09-09 08:52:34', 68),
(20, 0, 2, 0, '2016-09-09 08:52:44', 68),
(19, 0, 1, 0, '2016-09-09 08:52:44', 68),
(21, 0, 2, 0, '2016-09-09 08:52:54', 68),
(20, 0, 1, 0, '2016-09-09 08:52:55', 68),
(23, 0, 1, 0, '2016-09-09 08:52:55', 68),
(20, 0, 2, 0, '2016-09-09 08:53:04', 68),
(24, 0, 1, 0, '2016-09-09 08:53:05', 68),
(21, 0, 2, 0, '2016-09-09 08:53:15', 68),
(20, 0, 2, 0, '2016-09-09 08:53:26', 68),
(21, 0, 2, 0, '2016-09-09 08:53:36', 68),
(20, 0, 2, 0, '2016-09-09 08:53:47', 68),
(21, 0, 2, 0, '2016-09-09 08:53:57', 68),
(19, 0, 1, 0, '2016-09-09 08:54:05', 68),
(20, 0, 2, 0, '2016-09-09 08:54:08', 68),
(20, 0, 1, 0, '2016-09-09 08:54:15', 68),
(23, 0, 1, 0, '2016-09-09 08:54:15', 68),
(21, 0, 2, 0, '2016-09-09 08:54:18', 68),
(24, 0, 1, 0, '2016-09-09 08:54:25', 68),
(20, 0, 2, 0, '2016-09-09 08:54:30', 68),
(21, 0, 2, 0, '2016-09-09 08:54:40', 68),
(20, 0, 2, 0, '2016-09-09 08:54:51', 68),
(21, 0, 2, 0, '2016-09-09 08:55:01', 68),
(20, 0, 2, 0, '2016-09-09 08:55:12', 68),
(21, 0, 2, 0, '2016-09-09 08:55:22', 68),
(19, 0, 1, 0, '2016-09-09 08:55:26', 68),
(20, 0, 2, 0, '2016-09-09 08:55:32', 68),
(20, 0, 1, 0, '2016-09-09 08:55:36', 68),
(23, 0, 1, 0, '2016-09-09 08:55:36', 68),
(21, 0, 2, 0, '2016-09-09 08:55:42', 68),
(24, 0, 1, 0, '2016-09-09 08:55:46', 68),
(20, 0, 2, 0, '2016-09-09 08:55:54', 68),
(21, 0, 2, 0, '2016-09-09 08:56:05', 68),
(20, 0, 2, 0, '2016-09-09 08:56:16', 68),
(21, 0, 2, 0, '2016-09-09 08:56:26', 68),
(20, 0, 2, 0, '2016-09-09 08:56:37', 68),
(19, 0, 1, 0, '2016-09-09 08:56:46', 68),
(21, 0, 2, 0, '2016-09-09 08:56:47', 68),
(20, 0, 1, 0, '2016-09-09 08:56:56', 68),
(23, 0, 1, 0, '2016-09-09 08:56:56', 68),
(20, 0, 2, 0, '2016-09-09 08:56:57', 68),
(24, 0, 1, 0, '2016-09-09 08:57:06', 68),
(21, 0, 2, 0, '2016-09-09 08:57:08', 68),
(20, 0, 2, 0, '2016-09-09 08:57:19', 68),
(21, 0, 2, 0, '2016-09-09 08:57:29', 68),
(20, 0, 2, 0, '2016-09-09 08:57:40', 68),
(21, 0, 2, 0, '2016-09-09 08:57:50', 68),
(20, 0, 2, 0, '2016-09-09 08:58:00', 68),
(19, 0, 1, 0, '2016-09-09 08:58:07', 68),
(21, 0, 2, 0, '2016-09-09 08:58:10', 68),
(20, 0, 1, 0, '2016-09-09 08:58:17', 68),
(23, 0, 1, 0, '2016-09-09 08:58:17', 68),
(20, 0, 2, 0, '2016-09-09 08:58:21', 68),
(24, 0, 1, 0, '2016-09-09 08:58:27', 68),
(21, 0, 2, 0, '2016-09-09 08:58:31', 68),
(20, 0, 2, 0, '2016-09-09 08:58:41', 68),
(21, 0, 2, 0, '2016-09-09 08:58:52', 68),
(20, 0, 2, 0, '2016-09-09 08:59:02', 68),
(21, 0, 2, 0, '2016-09-09 08:59:12', 68),
(20, 0, 2, 0, '2016-09-09 08:59:22', 68),
(19, 0, 1, 0, '2016-09-09 08:59:27', 68),
(21, 0, 2, 0, '2016-09-09 08:59:32', 68),
(20, 0, 1, 0, '2016-09-09 08:59:38', 68),
(23, 0, 1, 0, '2016-09-09 08:59:38', 68),
(20, 0, 2, 0, '2016-09-09 08:59:43', 68),
(24, 0, 1, 0, '2016-09-09 08:59:48', 68),
(21, 0, 2, 0, '2016-09-09 08:59:53', 68),
(20, 0, 2, 0, '2016-09-09 09:00:04', 68),
(21, 0, 2, 0, '2016-09-09 09:00:14', 68),
(20, 0, 2, 0, '2016-09-09 09:00:25', 68),
(21, 0, 2, 0, '2016-09-09 09:00:35', 68),
(20, 0, 2, 0, '2016-09-09 09:00:45', 68),
(19, 0, 1, 0, '2016-09-09 09:00:48', 68),
(21, 0, 2, 0, '2016-09-09 09:00:55', 68),
(20, 0, 1, 0, '2016-09-09 09:00:58', 68),
(23, 0, 1, 0, '2016-09-09 09:00:58', 68),
(20, 0, 2, 0, '2016-09-09 09:01:06', 68),
(24, 0, 1, 0, '2016-09-09 09:01:08', 68),
(21, 0, 2, 0, '2016-09-09 09:01:16', 68),
(20, 0, 2, 0, '2016-09-09 09:01:27', 68),
(21, 0, 2, 0, '2016-09-09 09:01:37', 68),
(20, 0, 2, 0, '2016-09-09 09:01:48', 68),
(21, 0, 2, 0, '2016-09-09 09:01:58', 68),
(19, 0, 1, 0, '2016-09-09 09:02:09', 68),
(20, 0, 2, 0, '2016-09-09 09:02:09', 68),
(20, 0, 1, 0, '2016-09-09 09:02:19', 68),
(23, 0, 1, 0, '2016-09-09 09:02:19', 68),
(21, 0, 2, 0, '2016-09-09 09:02:19', 68),
(24, 0, 1, 0, '2016-09-09 09:02:29', 68),
(20, 0, 2, 0, '2016-09-09 09:02:31', 68),
(21, 0, 2, 0, '2016-09-09 09:02:42', 68),
(20, 0, 2, 0, '2016-09-09 09:02:52', 68),
(21, 0, 2, 0, '2016-09-09 09:03:03', 68),
(20, 0, 2, 0, '2016-09-09 09:03:13', 68),
(21, 0, 2, 0, '2016-09-09 09:03:24', 68),
(19, 0, 1, 0, '2016-09-09 09:03:29', 68),
(20, 0, 2, 0, '2016-09-09 09:03:34', 68),
(20, 0, 1, 0, '2016-09-09 09:03:39', 68),
(23, 0, 1, 0, '2016-09-09 09:03:39', 68),
(21, 0, 2, 0, '2016-09-09 09:03:44', 68),
(24, 0, 1, 0, '2016-09-09 09:03:49', 68),
(20, 0, 2, 0, '2016-09-09 09:03:56', 68),
(21, 0, 2, 0, '2016-09-09 09:04:07', 68),
(20, 0, 2, 0, '2016-09-09 09:04:18', 68),
(21, 0, 2, 0, '2016-09-09 09:04:28', 68),
(20, 0, 2, 0, '2016-09-09 09:04:38', 68),
(21, 0, 2, 0, '2016-09-09 09:04:49', 68),
(19, 0, 1, 0, '2016-09-09 09:04:50', 68),
(20, 0, 2, 0, '2016-09-09 09:04:59', 68),
(20, 0, 1, 0, '2016-09-09 09:05:00', 68),
(23, 0, 1, 0, '2016-09-09 09:05:00', 68),
(21, 0, 2, 0, '2016-09-09 09:05:09', 68),
(24, 0, 1, 0, '2016-09-09 09:05:10', 68),
(20, 0, 2, 0, '2016-09-09 09:05:21', 68),
(21, 0, 2, 0, '2016-09-09 09:05:31', 68),
(20, 0, 2, 0, '2016-09-09 09:05:42', 68),
(21, 0, 2, 0, '2016-09-09 09:05:52', 68),
(20, 0, 2, 0, '2016-09-09 09:06:02', 68),
(19, 0, 1, 0, '2016-09-09 09:06:10', 68),
(21, 0, 2, 0, '2016-09-09 09:06:12', 68),
(20, 0, 1, 0, '2016-09-09 09:06:21', 68),
(23, 0, 1, 0, '2016-09-09 09:06:21', 68),
(20, 0, 2, 0, '2016-09-09 09:06:23', 68),
(24, 0, 1, 0, '2016-09-09 09:06:31', 68),
(21, 0, 2, 0, '2016-09-09 09:06:33', 68),
(20, 0, 2, 0, '2016-09-09 09:06:43', 68),
(21, 0, 2, 0, '2016-09-09 09:06:54', 68),
(20, 0, 2, 0, '2016-09-09 09:07:05', 68),
(21, 0, 2, 0, '2016-09-09 09:07:15', 68),
(20, 0, 2, 0, '2016-09-09 09:07:25', 68),
(19, 0, 1, 0, '2016-09-09 09:07:31', 68),
(21, 0, 2, 0, '2016-09-09 09:07:35', 68),
(20, 0, 1, 0, '2016-09-09 09:07:41', 68),
(23, 0, 1, 0, '2016-09-09 09:07:41', 68),
(20, 0, 2, 0, '2016-09-09 09:07:45', 68),
(24, 0, 1, 0, '2016-09-09 09:07:51', 68),
(21, 0, 2, 0, '2016-09-09 09:07:56', 68),
(20, 0, 2, 0, '2016-09-09 09:08:07', 68),
(21, 0, 2, 0, '2016-09-09 09:08:17', 68),
(20, 0, 2, 0, '2016-09-09 09:08:28', 68),
(21, 0, 2, 0, '2016-09-09 09:08:38', 68),
(20, 0, 2, 0, '2016-09-09 09:08:48', 68),
(19, 0, 1, 0, '2016-09-09 09:08:51', 68),
(21, 0, 2, 0, '2016-09-09 09:08:58', 68),
(20, 0, 1, 0, '2016-09-09 09:09:02', 68),
(23, 0, 1, 0, '2016-09-09 09:09:02', 68),
(20, 0, 2, 0, '2016-09-09 09:09:08', 68),
(24, 0, 1, 0, '2016-09-09 09:09:12', 68),
(21, 0, 2, 0, '2016-09-09 09:09:19', 68),
(20, 0, 2, 0, '2016-09-09 09:09:30', 68),
(21, 0, 2, 0, '2016-09-09 09:09:40', 68),
(20, 0, 2, 0, '2016-09-09 09:09:51', 68),
(21, 0, 2, 0, '2016-09-09 09:10:01', 68),
(20, 0, 2, 0, '2016-09-09 09:10:11', 68),
(19, 0, 1, 0, '2016-09-09 09:10:12', 68),
(21, 0, 2, 0, '2016-09-09 09:10:21', 68),
(20, 0, 1, 0, '2016-09-09 09:10:22', 68),
(23, 0, 1, 0, '2016-09-09 09:10:22', 68),
(20, 0, 2, 0, '2016-09-09 09:10:32', 68),
(24, 0, 1, 0, '2016-09-09 09:10:32', 68),
(21, 0, 2, 0, '2016-09-09 09:10:43', 68),
(20, 0, 2, 0, '2016-09-09 09:10:53', 68),
(21, 0, 2, 0, '2016-09-09 09:11:04', 68),
(20, 0, 2, 0, '2016-09-09 09:11:14', 68),
(21, 0, 2, 0, '2016-09-09 09:11:25', 68),
(19, 0, 1, 0, '2016-09-09 09:11:32', 68),
(20, 0, 2, 0, '2016-09-09 09:11:35', 68),
(20, 0, 1, 0, '2016-09-09 09:11:43', 68),
(23, 0, 1, 0, '2016-09-09 09:11:43', 68),
(21, 0, 2, 0, '2016-09-09 09:11:45', 68),
(24, 0, 1, 0, '2016-09-09 09:11:53', 68),
(20, 0, 2, 0, '2016-09-09 09:11:57', 68),
(21, 0, 2, 0, '2016-09-09 09:12:08', 68),
(20, 0, 2, 0, '2016-09-09 09:12:18', 68),
(21, 0, 2, 0, '2016-09-09 09:12:29', 68),
(20, 0, 2, 0, '2016-09-09 09:12:39', 68),
(21, 0, 2, 0, '2016-09-09 09:12:50', 68),
(19, 0, 1, 0, '2016-09-09 09:12:53', 68),
(20, 0, 2, 0, '2016-09-09 09:13:00', 68),
(20, 0, 1, 0, '2016-09-09 09:13:03', 68),
(23, 0, 1, 0, '2016-09-09 09:13:03', 68),
(21, 0, 2, 0, '2016-09-09 09:13:10', 68),
(24, 0, 1, 0, '2016-09-09 09:13:13', 68),
(20, 0, 2, 0, '2016-09-09 09:13:22', 68),
(21, 0, 2, 0, '2016-09-09 09:13:33', 68),
(20, 0, 2, 0, '2016-09-09 09:13:43', 68),
(21, 0, 2, 0, '2016-09-09 09:13:53', 68),
(20, 0, 2, 0, '2016-09-09 09:14:04', 68),
(19, 0, 1, 0, '2016-09-09 09:14:14', 68),
(21, 0, 2, 0, '2016-09-09 09:14:14', 68),
(20, 0, 1, 0, '2016-09-09 09:14:24', 68),
(23, 0, 1, 0, '2016-09-09 09:14:24', 68),
(20, 0, 2, 0, '2016-09-09 09:14:24', 68),
(24, 0, 1, 0, '2016-09-09 09:14:34', 68),
(21, 0, 2, 0, '2016-09-09 09:14:36', 68),
(20, 0, 2, 0, '2016-09-09 09:14:46', 68),
(21, 0, 2, 0, '2016-09-09 09:14:57', 68),
(20, 0, 2, 0, '2016-09-09 09:15:07', 68),
(21, 0, 2, 0, '2016-09-09 09:15:17', 68),
(20, 0, 2, 0, '2016-09-09 09:15:28', 68),
(19, 0, 1, 0, '2016-09-09 09:15:34', 68),
(21, 0, 2, 0, '2016-09-09 09:15:38', 68),
(20, 0, 1, 0, '2016-09-09 09:15:44', 68),
(23, 0, 1, 0, '2016-09-09 09:15:44', 68),
(20, 0, 2, 0, '2016-09-09 09:15:48', 68),
(24, 0, 1, 0, '2016-09-09 09:15:54', 68),
(21, 0, 2, 0, '2016-09-09 09:15:59', 68),
(20, 0, 2, 0, '2016-09-09 09:16:09', 68),
(21, 0, 2, 0, '2016-09-09 09:16:20', 68),
(20, 0, 2, 0, '2016-09-09 09:16:30', 68),
(21, 0, 2, 0, '2016-09-09 09:16:40', 68),
(20, 0, 2, 0, '2016-09-09 09:16:50', 68),
(19, 0, 1, 0, '2016-09-09 09:16:55', 68),
(21, 0, 2, 0, '2016-09-09 09:17:00', 68),
(20, 0, 1, 0, '2016-09-09 09:17:05', 68),
(23, 0, 1, 0, '2016-09-09 09:17:05', 68),
(20, 0, 2, 0, '2016-09-09 09:17:10', 68),
(24, 0, 1, 0, '2016-09-09 09:17:15', 68),
(21, 0, 2, 0, '2016-09-09 09:17:21', 68),
(20, 0, 2, 0, '2016-09-09 09:17:32', 68),
(21, 0, 2, 0, '2016-09-09 09:17:42', 68),
(20, 0, 2, 0, '2016-09-09 09:17:53', 68),
(21, 0, 2, 0, '2016-09-09 09:18:03', 68),
(20, 0, 2, 0, '2016-09-09 09:18:13', 68),
(19, 0, 1, 0, '2016-09-09 09:18:16', 68),
(21, 0, 2, 0, '2016-09-09 09:18:23', 68),
(20, 0, 1, 0, '2016-09-09 09:18:26', 68),
(23, 0, 1, 0, '2016-09-09 09:18:26', 68),
(20, 0, 2, 0, '2016-09-09 09:18:33', 68),
(24, 0, 1, 0, '2016-09-09 09:18:36', 68),
(21, 0, 2, 0, '2016-09-09 09:18:45', 68),
(20, 0, 2, 0, '2016-09-09 09:18:55', 68),
(21, 0, 2, 0, '2016-09-09 09:19:07', 68),
(20, 0, 2, 0, '2016-09-09 09:19:17', 68),
(21, 0, 2, 0, '2016-09-09 09:19:28', 68),
(19, 0, 1, 0, '2016-09-09 09:19:38', 68),
(20, 0, 2, 0, '2016-09-09 09:19:38', 68),
(20, 0, 1, 0, '2016-09-09 09:19:48', 68),
(23, 0, 1, 0, '2016-09-09 09:19:48', 68),
(21, 0, 2, 0, '2016-09-09 09:19:48', 68),
(24, 0, 1, 0, '2016-09-09 09:19:58', 68),
(20, 0, 2, 0, '2016-09-09 09:20:00', 68),
(21, 0, 2, 0, '2016-09-09 09:20:11', 68),
(20, 0, 2, 0, '2016-09-09 09:20:21', 68),
(21, 0, 2, 0, '2016-09-09 09:20:32', 68),
(20, 0, 2, 0, '2016-09-09 09:20:42', 68),
(21, 0, 2, 0, '2016-09-09 09:20:54', 68),
(19, 0, 1, 0, '2016-09-09 09:20:59', 68),
(20, 0, 2, 0, '2016-09-09 09:21:04', 68),
(20, 0, 1, 0, '2016-09-09 09:21:09', 68),
(23, 0, 1, 0, '2016-09-09 09:21:09', 68),
(21, 0, 2, 0, '2016-09-09 09:21:14', 68),
(24, 0, 1, 0, '2016-09-09 09:21:19', 68),
(20, 0, 2, 0, '2016-09-09 09:21:26', 68),
(21, 0, 2, 0, '2016-09-09 09:21:37', 68),
(20, 0, 2, 0, '2016-09-09 09:21:48', 68),
(21, 0, 2, 0, '2016-09-09 09:21:58', 68),
(20, 0, 2, 0, '2016-09-09 09:22:08', 68),
(21, 0, 2, 0, '2016-09-09 09:22:19', 68),
(19, 0, 1, 0, '2016-09-09 09:22:19', 68),
(20, 0, 2, 0, '2016-09-09 09:22:29', 68),
(20, 0, 1, 0, '2016-09-09 09:22:29', 68),
(23, 0, 1, 0, '2016-09-09 09:22:30', 68),
(21, 0, 2, 0, '2016-09-09 09:22:39', 68),
(24, 0, 1, 0, '2016-09-09 09:22:40', 68),
(20, 0, 2, 0, '2016-09-09 09:22:51', 68),
(21, 0, 2, 0, '2016-09-09 09:23:02', 68),
(20, 0, 2, 0, '2016-09-09 09:23:13', 68),
(21, 0, 2, 0, '2016-09-09 09:23:23', 68),
(20, 0, 2, 0, '2016-09-09 09:23:33', 68),
(19, 0, 1, 0, '2016-09-09 09:23:40', 68),
(21, 0, 2, 0, '2016-09-09 09:23:43', 68),
(20, 0, 1, 0, '2016-09-09 09:23:50', 68),
(23, 0, 1, 0, '2016-09-09 09:23:50', 68),
(20, 0, 2, 0, '2016-09-09 09:23:54', 68),
(24, 0, 1, 0, '2016-09-09 09:24:00', 68),
(21, 0, 2, 0, '2016-09-09 09:24:05', 68),
(20, 0, 2, 0, '2016-09-09 09:24:15', 68),
(21, 0, 2, 0, '2016-09-09 09:24:26', 68),
(20, 0, 2, 0, '2016-09-09 09:24:36', 68),
(21, 0, 2, 0, '2016-09-09 09:24:46', 68),
(20, 0, 2, 0, '2016-09-09 09:24:57', 68),
(19, 0, 1, 0, '2016-09-09 09:25:01', 68),
(21, 0, 2, 0, '2016-09-09 09:25:07', 68),
(20, 0, 1, 0, '2016-09-09 09:25:11', 68),
(23, 0, 1, 0, '2016-09-09 09:25:11', 68),
(20, 0, 2, 0, '2016-09-09 09:25:17', 68),
(24, 0, 1, 0, '2016-09-09 09:25:21', 68),
(21, 0, 2, 0, '2016-09-09 09:25:28', 68),
(20, 0, 2, 0, '2016-09-09 09:25:39', 68),
(21, 0, 2, 0, '2016-09-09 09:25:49', 68),
(20, 0, 2, 0, '2016-09-09 09:26:00', 68),
(21, 0, 2, 0, '2016-09-09 09:26:10', 68),
(20, 0, 2, 0, '2016-09-09 09:26:20', 68),
(19, 0, 1, 0, '2016-09-09 09:26:21', 68),
(21, 0, 2, 0, '2016-09-09 09:26:30', 68),
(20, 0, 1, 0, '2016-09-09 09:26:31', 68),
(23, 0, 1, 0, '2016-09-09 09:26:31', 68),
(20, 0, 2, 0, '2016-09-09 09:26:41', 68),
(24, 0, 1, 0, '2016-09-09 09:26:41', 68),
(21, 0, 2, 0, '2016-09-09 09:26:52', 68),
(20, 0, 2, 0, '2016-09-09 09:27:02', 68),
(21, 0, 2, 0, '2016-09-09 09:27:13', 68),
(20, 0, 2, 0, '2016-09-09 09:27:23', 68),
(21, 0, 2, 0, '2016-09-09 09:27:34', 68),
(19, 0, 1, 0, '2016-09-09 09:27:42', 68),
(20, 0, 2, 0, '2016-09-09 09:27:45', 68),
(20, 0, 1, 0, '2016-09-09 09:27:52', 68),
(23, 0, 1, 0, '2016-09-09 09:27:52', 68),
(21, 0, 2, 0, '2016-09-09 09:27:55', 68),
(24, 0, 1, 0, '2016-09-09 09:28:02', 68),
(20, 0, 2, 0, '2016-09-09 09:28:06', 68),
(21, 0, 2, 0, '2016-09-09 09:28:18', 68),
(20, 0, 2, 0, '2016-09-09 09:28:28', 68),
(21, 0, 2, 0, '2016-09-09 09:28:38', 68),
(20, 0, 2, 0, '2016-09-09 09:28:49', 68),
(21, 0, 2, 0, '2016-09-09 09:28:59', 68),
(19, 0, 1, 0, '2016-09-09 09:29:02', 68),
(20, 0, 2, 0, '2016-09-09 09:29:10', 68),
(20, 0, 1, 0, '2016-09-09 09:29:13', 68),
(23, 0, 1, 0, '2016-09-09 09:29:13', 68),
(21, 0, 2, 0, '2016-09-09 09:29:20', 68),
(24, 0, 1, 0, '2016-09-09 09:29:23', 68),
(20, 0, 2, 0, '2016-09-09 09:29:32', 68),
(21, 0, 2, 0, '2016-09-09 09:29:42', 68),
(20, 0, 2, 0, '2016-09-09 09:29:53', 68),
(21, 0, 2, 0, '2016-09-09 09:30:03', 68),
(20, 0, 2, 0, '2016-09-09 09:30:14', 68),
(19, 0, 1, 0, '2016-09-09 09:30:23', 68),
(21, 0, 2, 0, '2016-09-09 09:30:24', 68),
(20, 0, 1, 0, '2016-09-09 09:30:33', 68),
(23, 0, 1, 0, '2016-09-09 09:30:33', 68),
(20, 0, 2, 0, '2016-09-09 09:30:34', 68),
(24, 0, 1, 0, '2016-09-09 09:30:43', 68),
(21, 0, 2, 0, '2016-09-09 09:30:46', 68),
(20, 0, 2, 0, '2016-09-09 09:30:56', 68),
(21, 0, 2, 0, '2016-09-09 09:31:06', 68),
(20, 0, 2, 0, '2016-09-09 09:31:17', 68),
(21, 0, 2, 0, '2016-09-09 09:31:27', 68),
(20, 0, 2, 0, '2016-09-09 09:31:37', 68),
(19, 0, 1, 0, '2016-09-09 09:31:44', 68),
(21, 0, 2, 0, '2016-09-09 09:31:47', 68),
(20, 0, 1, 0, '2016-09-09 09:31:54', 68),
(23, 0, 1, 0, '2016-09-09 09:31:54', 68),
(20, 0, 2, 0, '2016-09-09 09:31:58', 68),
(24, 0, 1, 0, '2016-09-09 09:32:04', 68),
(21, 0, 2, 0, '2016-09-09 09:32:09', 68),
(20, 0, 2, 0, '2016-09-09 09:32:19', 68),
(21, 0, 2, 0, '2016-09-09 09:32:30', 68),
(20, 0, 2, 0, '2016-09-09 09:32:42', 68),
(19, 0, 1, 0, '2016-09-09 09:32:51', 68),
(20, 0, 1, 0, '2016-09-09 09:33:01', 68),
(23, 0, 1, 0, '2016-09-09 09:33:02', 68),
(24, 0, 1, 0, '2016-09-09 09:33:12', 68),
(21, 0, 2, 0, '2016-09-09 09:34:12', 68),
(20, 0, 2, 0, '2016-09-09 09:34:22', 68),
(19, 0, 1, 0, '2016-09-09 09:34:32', 68),
(20, 0, 1, 0, '2016-09-09 09:34:43', 68),
(23, 0, 1, 0, '2016-09-09 09:34:43', 68),
(24, 0, 1, 0, '2016-09-09 09:34:53', 68),
(21, 0, 2, 0, '2016-09-09 09:35:53', 68),
(20, 0, 2, 0, '2016-09-09 09:36:03', 68),
(19, 0, 1, 0, '2016-09-09 09:36:13', 68),
(20, 0, 1, 0, '2016-09-09 09:36:24', 68),
(23, 0, 1, 0, '2016-09-09 09:36:24', 68),
(24, 0, 1, 0, '2016-09-09 09:36:34', 68),
(21, 0, 2, 0, '2016-09-09 09:37:34', 68),
(20, 0, 2, 0, '2016-09-09 09:37:44', 68),
(19, 0, 1, 0, '2016-09-09 09:37:54', 68),
(20, 0, 1, 0, '2016-09-09 09:38:05', 68),
(23, 0, 1, 0, '2016-09-09 09:38:05', 68),
(24, 0, 1, 0, '2016-09-09 09:38:15', 68),
(21, 0, 2, 0, '2016-09-09 09:39:15', 68),
(20, 0, 2, 0, '2016-09-09 09:39:26', 68),
(19, 0, 1, 0, '2016-09-09 09:39:36', 68),
(20, 0, 1, 0, '2016-09-09 09:39:46', 68),
(23, 0, 1, 0, '2016-09-09 09:39:46', 68),
(24, 0, 1, 0, '2016-09-09 09:39:56', 68),
(21, 0, 2, 0, '2016-09-09 09:40:56', 68),
(20, 0, 2, 0, '2016-09-09 09:41:07', 68),
(19, 0, 1, 0, '2016-09-09 09:41:17', 68),
(20, 0, 1, 0, '2016-09-09 09:41:27', 68),
(23, 0, 1, 0, '2016-09-09 09:41:27', 68),
(24, 0, 1, 0, '2016-09-09 09:41:37', 68),
(21, 0, 2, 0, '2016-09-09 09:42:37', 68),
(20, 0, 2, 0, '2016-09-09 09:42:47', 68),
(19, 0, 1, 0, '2016-09-09 09:42:58', 68),
(20, 0, 1, 0, '2016-09-09 09:43:08', 68),
(23, 0, 1, 0, '2016-09-09 09:43:08', 68),
(24, 0, 1, 0, '2016-09-09 09:43:18', 68),
(21, 0, 2, 0, '2016-09-09 09:44:18', 68),
(20, 0, 2, 0, '2016-09-09 09:44:28', 68),
(19, 0, 1, 0, '2016-09-09 09:44:38', 68),
(20, 0, 1, 0, '2016-09-09 09:44:49', 68),
(23, 0, 1, 0, '2016-09-09 09:44:49', 68),
(24, 0, 1, 0, '2016-09-09 09:44:59', 68),
(21, 0, 2, 0, '2016-09-09 09:45:59', 68),
(20, 0, 2, 0, '2016-09-09 09:46:09', 68),
(19, 0, 1, 0, '2016-09-09 09:46:19', 68),
(20, 0, 1, 0, '2016-09-09 09:46:30', 68),
(23, 0, 1, 0, '2016-09-09 09:46:30', 68),
(24, 0, 1, 0, '2016-09-09 09:46:40', 68),
(21, 0, 2, 0, '2016-09-09 09:47:40', 68),
(20, 0, 2, 0, '2016-09-09 09:47:50', 68),
(19, 0, 1, 0, '2016-09-09 09:48:00', 68),
(20, 0, 1, 0, '2016-09-09 09:48:10', 68),
(23, 0, 1, 0, '2016-09-09 09:48:11', 68),
(24, 0, 1, 0, '2016-09-09 09:48:20', 68),
(21, 0, 2, 0, '2016-09-09 09:49:21', 68),
(20, 0, 2, 0, '2016-09-09 09:49:31', 68),
(19, 0, 1, 0, '2016-09-09 09:49:41', 68),
(20, 0, 1, 0, '2016-09-09 09:49:51', 68),
(23, 0, 1, 0, '2016-09-09 09:49:51', 68),
(24, 0, 1, 0, '2016-09-09 09:50:01', 68),
(21, 0, 2, 0, '2016-09-09 09:51:02', 68),
(20, 0, 2, 0, '2016-09-09 09:51:12', 68),
(19, 0, 1, 0, '2016-09-09 09:51:22', 68),
(20, 0, 1, 0, '2016-09-09 09:51:32', 68),
(23, 0, 1, 0, '2016-09-09 09:51:32', 68),
(24, 0, 1, 0, '2016-09-09 09:51:42', 68),
(21, 0, 2, 0, '2016-09-09 09:52:42', 68),
(20, 0, 2, 0, '2016-09-09 09:52:53', 68),
(19, 0, 1, 0, '2016-09-09 09:53:03', 68),
(20, 0, 1, 0, '2016-09-09 09:53:13', 68),
(23, 0, 1, 0, '2016-09-09 09:53:13', 68),
(24, 0, 1, 0, '2016-09-09 09:53:23', 68),
(21, 0, 2, 0, '2016-09-09 09:54:23', 68),
(20, 0, 2, 0, '2016-09-09 09:54:34', 68),
(19, 0, 1, 0, '2016-09-09 09:54:44', 68),
(20, 0, 1, 0, '2016-09-09 09:54:54', 68),
(23, 0, 1, 0, '2016-09-09 09:54:54', 68),
(24, 0, 1, 0, '2016-09-09 09:55:04', 68),
(21, 0, 2, 0, '2016-09-09 09:56:04', 68),
(20, 0, 2, 0, '2016-09-09 09:56:15', 68),
(19, 0, 1, 0, '2016-09-09 09:56:25', 68),
(20, 0, 1, 0, '2016-09-09 09:56:35', 68),
(23, 0, 1, 0, '2016-09-09 09:56:35', 68),
(24, 0, 1, 0, '2016-09-09 09:56:45', 68),
(21, 0, 2, 0, '2016-09-09 09:57:45', 68),
(20, 0, 2, 0, '2016-09-09 09:57:55', 68),
(19, 0, 1, 0, '2016-09-09 09:58:05', 68),
(20, 0, 1, 0, '2016-09-09 09:58:16', 68),
(23, 0, 1, 0, '2016-09-09 09:58:16', 68),
(24, 0, 1, 0, '2016-09-09 09:58:26', 68),
(21, 0, 2, 0, '2016-09-09 09:59:26', 68),
(20, 0, 2, 0, '2016-09-09 09:59:36', 68),
(19, 0, 1, 0, '2016-09-09 09:59:46', 68),
(20, 0, 1, 0, '2016-09-09 09:59:57', 68),
(23, 0, 1, 0, '2016-09-09 09:59:57', 68),
(24, 0, 1, 0, '2016-09-09 10:00:07', 68),
(21, 0, 2, 0, '2016-09-09 10:01:07', 68),
(20, 0, 2, 0, '2016-09-09 10:01:17', 68),
(19, 0, 1, 0, '2016-09-09 10:01:27', 68),
(20, 0, 1, 0, '2016-09-09 10:01:37', 68),
(23, 0, 1, 0, '2016-09-09 10:01:37', 68),
(24, 0, 1, 0, '2016-09-09 10:01:47', 68),
(21, 0, 2, 0, '2016-09-09 10:02:48', 68),
(20, 0, 2, 0, '2016-09-09 10:02:58', 68),
(19, 0, 1, 0, '2016-09-09 10:03:08', 68),
(20, 0, 1, 0, '2016-09-09 10:03:19', 68),
(23, 0, 1, 0, '2016-09-09 10:03:19', 68),
(24, 0, 1, 0, '2016-09-09 10:03:29', 68),
(21, 0, 2, 0, '2016-09-09 10:04:29', 68),
(20, 0, 2, 0, '2016-09-09 10:04:39', 68),
(19, 0, 1, 0, '2016-09-09 10:04:49', 68),
(20, 0, 1, 0, '2016-09-09 10:04:59', 68),
(23, 0, 1, 0, '2016-09-09 10:04:59', 68),
(24, 0, 1, 0, '2016-09-09 10:05:09', 68),
(21, 0, 2, 0, '2016-09-09 10:06:10', 68),
(20, 0, 2, 0, '2016-09-09 10:06:20', 68),
(19, 0, 1, 0, '2016-09-09 10:06:30', 68),
(20, 0, 1, 0, '2016-09-09 10:06:41', 68),
(23, 0, 1, 0, '2016-09-09 10:06:41', 68),
(24, 0, 1, 0, '2016-09-09 10:06:51', 68);
INSERT INTO `media_logs` (`media_id`, `schedule_id`, `campaign_id`, `publisher_id`, `logdate`, `screen_id`) VALUES
(21, 0, 2, 0, '2016-09-09 10:07:51', 68),
(20, 0, 2, 0, '2016-09-09 10:08:01', 68),
(19, 0, 1, 0, '2016-09-09 10:08:11', 68),
(20, 0, 1, 0, '2016-09-09 10:08:21', 68),
(23, 0, 1, 0, '2016-09-09 10:08:22', 68),
(24, 0, 1, 0, '2016-09-09 10:08:31', 68),
(21, 0, 2, 0, '2016-09-09 10:09:32', 68),
(20, 0, 2, 0, '2016-09-09 10:09:42', 68),
(19, 0, 1, 0, '2016-09-09 10:09:52', 68),
(20, 0, 1, 0, '2016-09-09 10:10:02', 68),
(23, 0, 1, 0, '2016-09-09 10:10:03', 68),
(24, 0, 1, 0, '2016-09-09 10:10:12', 68),
(21, 0, 2, 0, '2016-09-09 10:11:13', 68),
(20, 0, 2, 0, '2016-09-09 10:11:23', 68),
(19, 0, 1, 0, '2016-09-09 10:11:33', 68),
(20, 0, 1, 0, '2016-09-09 10:11:43', 68),
(23, 0, 1, 0, '2016-09-09 10:11:43', 68),
(24, 0, 1, 0, '2016-09-09 10:11:53', 68),
(21, 0, 2, 0, '2016-09-09 10:12:54', 68),
(20, 0, 2, 0, '2016-09-09 10:13:04', 68),
(19, 0, 1, 0, '2016-09-09 10:13:14', 68),
(20, 0, 1, 0, '2016-09-09 10:13:24', 68),
(23, 0, 1, 0, '2016-09-09 10:13:24', 68),
(24, 0, 1, 0, '2016-09-09 10:13:34', 68),
(21, 0, 2, 0, '2016-09-09 10:14:35', 68),
(20, 0, 2, 0, '2016-09-09 10:14:45', 68),
(19, 0, 1, 0, '2016-09-09 10:14:55', 68),
(20, 0, 1, 0, '2016-09-09 10:15:05', 68),
(23, 0, 1, 0, '2016-09-09 10:15:05', 68),
(24, 0, 1, 0, '2016-09-09 10:15:15', 68),
(21, 0, 2, 0, '2016-09-09 10:16:16', 68),
(20, 0, 2, 0, '2016-09-09 10:16:26', 68),
(19, 0, 1, 0, '2016-09-09 10:16:36', 68),
(20, 0, 1, 0, '2016-09-09 10:16:46', 68),
(23, 0, 1, 0, '2016-09-09 10:16:46', 68),
(24, 0, 1, 0, '2016-09-09 10:16:56', 68),
(21, 0, 2, 0, '2016-09-09 10:17:56', 68),
(20, 0, 2, 0, '2016-09-09 10:18:07', 68),
(19, 0, 1, 0, '2016-09-09 10:18:17', 68),
(20, 0, 1, 0, '2016-09-09 10:18:27', 68),
(23, 0, 1, 0, '2016-09-09 10:18:27', 68),
(24, 0, 1, 0, '2016-09-09 10:18:37', 68),
(21, 0, 2, 0, '2016-09-09 10:19:37', 68),
(20, 0, 2, 0, '2016-09-09 10:19:48', 68),
(19, 0, 1, 0, '2016-09-09 10:19:58', 68),
(20, 0, 1, 0, '2016-09-09 10:20:08', 68),
(23, 0, 1, 0, '2016-09-09 10:20:08', 68),
(24, 0, 1, 0, '2016-09-09 10:20:18', 68),
(21, 0, 2, 0, '2016-09-09 10:21:19', 68),
(20, 0, 2, 0, '2016-09-09 10:21:29', 68),
(19, 0, 1, 0, '2016-09-09 10:21:39', 68),
(20, 0, 1, 0, '2016-09-09 10:21:49', 68),
(23, 0, 1, 0, '2016-09-09 10:21:49', 68),
(24, 0, 1, 0, '2016-09-09 10:21:59', 68),
(21, 0, 2, 0, '2016-09-09 10:23:00', 68),
(20, 0, 2, 0, '2016-09-09 10:23:10', 68),
(19, 0, 1, 0, '2016-09-09 10:23:20', 68),
(20, 0, 1, 0, '2016-09-09 10:23:30', 68),
(23, 0, 1, 0, '2016-09-09 10:23:30', 68),
(24, 0, 1, 0, '2016-09-09 10:23:40', 68),
(20, 0, 2, 0, '2016-09-09 11:13:36', 68),
(19, 0, 1, 0, '2016-09-09 11:13:46', 68),
(20, 0, 1, 0, '2016-09-09 11:13:56', 68),
(23, 0, 1, 0, '2016-09-09 11:13:56', 68),
(24, 0, 1, 0, '2016-09-09 11:14:06', 68),
(21, 0, 2, 0, '2016-09-09 11:15:07', 68),
(20, 0, 2, 0, '2016-09-09 11:15:17', 68),
(19, 0, 1, 0, '2016-09-09 11:15:27', 68),
(20, 0, 1, 0, '2016-09-09 11:15:37', 68),
(23, 0, 1, 0, '2016-09-09 11:15:37', 68),
(24, 0, 1, 0, '2016-09-09 11:15:47', 68),
(21, 0, 2, 0, '2016-09-09 11:16:47', 68),
(20, 0, 2, 0, '2016-09-09 11:16:58', 68),
(19, 0, 1, 0, '2016-09-09 11:17:08', 68),
(20, 0, 1, 0, '2016-09-09 11:17:18', 68),
(23, 0, 1, 0, '2016-09-09 11:17:18', 68),
(24, 0, 1, 0, '2016-09-09 11:17:28', 68),
(21, 0, 2, 0, '2016-09-09 11:18:29', 68),
(20, 0, 2, 0, '2016-09-09 11:18:39', 68),
(19, 0, 1, 0, '2016-09-09 11:18:49', 68),
(20, 0, 1, 0, '2016-09-09 11:18:59', 68),
(23, 0, 1, 0, '2016-09-09 11:19:00', 68),
(24, 0, 1, 0, '2016-09-09 11:19:09', 68),
(21, 0, 2, 0, '2016-09-09 11:20:10', 68),
(20, 0, 2, 0, '2016-09-09 11:20:20', 68),
(19, 0, 1, 0, '2016-09-09 11:20:30', 68),
(20, 0, 1, 0, '2016-09-09 11:20:40', 68),
(23, 0, 1, 0, '2016-09-09 11:20:40', 68),
(24, 0, 1, 0, '2016-09-09 11:20:50', 68),
(21, 0, 2, 0, '2016-09-09 11:21:51', 68),
(20, 0, 2, 0, '2016-09-09 11:22:01', 68),
(19, 0, 1, 0, '2016-09-09 11:22:11', 68),
(20, 0, 1, 0, '2016-09-09 11:22:21', 68),
(23, 0, 1, 0, '2016-09-09 11:22:21', 68),
(24, 0, 1, 0, '2016-09-09 11:22:31', 68),
(18, 0, 1, 0, '2016-09-09 11:23:06', 68),
(22, 0, 1, 0, '2016-09-09 11:23:17', 68),
(18, 0, 1, 0, '2016-09-09 11:23:27', 68),
(22, 0, 1, 0, '2016-09-09 11:23:37', 68),
(25, 0, 1, 0, '2016-09-09 11:23:47', 68),
(18, 0, 1, 0, '2016-09-09 11:23:56', 68),
(22, 0, 1, 0, '2016-09-09 11:24:06', 68),
(25, 0, 1, 0, '2016-09-09 11:24:16', 68),
(18, 0, 1, 0, '2016-09-09 11:24:26', 68),
(23, 0, 1, 0, '2016-09-09 11:24:26', 68),
(22, 0, 1, 0, '2016-09-09 11:24:37', 68),
(25, 0, 1, 0, '2016-09-09 11:24:47', 68),
(18, 0, 1, 0, '2016-09-09 11:24:59', 68),
(25, 0, 1, 0, '2016-09-09 11:25:09', 68),
(18, 0, 1, 0, '2016-09-09 11:25:19', 68),
(23, 0, 1, 0, '2016-09-09 11:25:19', 68),
(18, 0, 1, 0, '2016-09-09 11:25:31', 68),
(21, 0, 2, 0, '2016-09-09 11:25:31', 68),
(25, 0, 1, 0, '2016-09-09 11:25:42', 68),
(20, 0, 2, 0, '2016-09-09 11:25:42', 68),
(18, 0, 1, 0, '2016-09-09 11:25:52', 68),
(23, 0, 1, 0, '2016-09-09 11:25:52', 68),
(21, 0, 2, 0, '2016-09-09 11:25:52', 68),
(25, 0, 1, 0, '2016-09-09 11:26:02', 68),
(20, 0, 2, 0, '2016-09-09 11:26:02', 68),
(18, 0, 1, 0, '2016-09-09 11:26:12', 68),
(23, 0, 1, 0, '2016-09-09 11:26:12', 68),
(21, 0, 2, 0, '2016-09-09 11:26:12', 68),
(25, 0, 1, 0, '2016-09-09 11:26:22', 68),
(20, 0, 2, 0, '2016-09-09 11:26:23', 68),
(18, 0, 1, 0, '2016-09-09 11:26:32', 68),
(23, 0, 1, 0, '2016-09-09 11:26:32', 68),
(21, 0, 2, 0, '2016-09-09 11:26:33', 68),
(25, 0, 1, 0, '2016-09-09 11:26:42', 68),
(20, 0, 2, 0, '2016-09-09 11:26:43', 68),
(18, 0, 1, 0, '2016-09-09 11:26:52', 68),
(23, 0, 1, 0, '2016-09-09 11:26:53', 68),
(21, 0, 2, 0, '2016-09-09 11:26:53', 68),
(25, 0, 1, 0, '2016-09-09 11:27:03', 68),
(20, 0, 2, 0, '2016-09-09 11:27:03', 68),
(18, 0, 1, 0, '2016-09-09 11:27:13', 68),
(23, 0, 1, 0, '2016-09-09 11:27:13', 68),
(21, 0, 2, 0, '2016-09-09 11:27:13', 68),
(25, 0, 1, 0, '2016-09-09 11:27:24', 68),
(20, 0, 2, 0, '2016-09-09 11:27:24', 68),
(18, 0, 1, 0, '2016-09-09 11:27:39', 68),
(21, 0, 2, 0, '2016-09-09 11:27:39', 68),
(21, 0, 2, 0, '2016-09-09 11:27:39', 68),
(21, 0, 2, 0, '2016-09-09 11:27:39', 68),
(25, 0, 1, 0, '2016-09-09 11:27:49', 68),
(20, 0, 2, 0, '2016-09-09 11:27:50', 68),
(20, 0, 2, 0, '2016-09-09 11:27:50', 68),
(20, 0, 2, 0, '2016-09-09 11:27:50', 68),
(18, 0, 1, 0, '2016-09-09 11:27:59', 68),
(26, 0, 1, 0, '2016-09-09 11:27:59', 68),
(21, 0, 2, 0, '2016-09-09 11:28:00', 68),
(21, 0, 2, 0, '2016-09-09 11:28:00', 68),
(21, 0, 2, 0, '2016-09-09 11:28:00', 68),
(25, 0, 1, 0, '2016-09-09 11:28:10', 68),
(20, 0, 2, 0, '2016-09-09 11:28:10', 68),
(20, 0, 2, 0, '2016-09-09 11:28:10', 68),
(20, 0, 2, 0, '2016-09-09 11:28:10', 68),
(18, 0, 1, 0, '2016-09-09 11:28:20', 68),
(26, 0, 1, 0, '2016-09-09 11:28:20', 68),
(21, 0, 2, 0, '2016-09-09 11:28:20', 68),
(21, 0, 2, 0, '2016-09-09 11:28:20', 68),
(21, 0, 2, 0, '2016-09-09 11:28:20', 68),
(25, 0, 1, 0, '2016-09-09 11:28:30', 68),
(20, 0, 2, 0, '2016-09-09 11:28:31', 68),
(20, 0, 2, 0, '2016-09-09 11:28:31', 68),
(20, 0, 2, 0, '2016-09-09 11:28:31', 68),
(18, 0, 1, 0, '2016-09-09 11:28:40', 68),
(26, 0, 1, 0, '2016-09-09 11:28:40', 68),
(21, 0, 2, 0, '2016-09-09 11:28:41', 68),
(21, 0, 2, 0, '2016-09-09 11:28:41', 68),
(21, 0, 2, 0, '2016-09-09 11:28:41', 68),
(25, 0, 1, 0, '2016-09-09 11:28:50', 68),
(20, 0, 2, 0, '2016-09-09 11:28:51', 68),
(20, 0, 2, 0, '2016-09-09 11:28:51', 68),
(20, 0, 2, 0, '2016-09-09 11:28:51', 68),
(18, 0, 1, 0, '2016-09-09 11:29:00', 68),
(26, 0, 1, 0, '2016-09-09 11:29:00', 68),
(21, 0, 2, 0, '2016-09-09 11:29:01', 68),
(21, 0, 2, 0, '2016-09-09 11:29:01', 68),
(21, 0, 2, 0, '2016-09-09 11:29:01', 68),
(25, 0, 1, 0, '2016-09-09 11:29:11', 68),
(20, 0, 2, 0, '2016-09-09 11:29:11', 68),
(20, 0, 2, 0, '2016-09-09 11:29:11', 68),
(20, 0, 2, 0, '2016-09-09 11:29:12', 68),
(18, 0, 1, 0, '2016-09-09 11:29:21', 68),
(26, 0, 1, 0, '2016-09-09 11:29:21', 68),
(21, 0, 2, 0, '2016-09-09 11:29:21', 68),
(21, 0, 2, 0, '2016-09-09 11:29:22', 68),
(21, 0, 2, 0, '2016-09-09 11:29:22', 68),
(25, 0, 1, 0, '2016-09-09 11:29:31', 68),
(20, 0, 2, 0, '2016-09-09 11:29:32', 68),
(20, 0, 2, 0, '2016-09-09 11:29:32', 68),
(20, 0, 2, 0, '2016-09-09 11:29:32', 68),
(18, 0, 1, 0, '2016-09-09 11:29:41', 68),
(26, 0, 1, 0, '2016-09-09 11:29:41', 68),
(21, 0, 2, 0, '2016-09-09 11:29:42', 68),
(21, 0, 2, 0, '2016-09-09 11:29:42', 68),
(21, 0, 2, 0, '2016-09-09 11:29:42', 68),
(25, 0, 1, 0, '2016-09-09 11:29:52', 68),
(20, 0, 2, 0, '2016-09-09 11:29:52', 68),
(20, 0, 2, 0, '2016-09-09 11:29:52', 68),
(20, 0, 2, 0, '2016-09-09 11:29:52', 68),
(18, 0, 1, 0, '2016-09-09 11:30:02', 68),
(26, 0, 1, 0, '2016-09-09 11:30:02', 68),
(21, 0, 2, 0, '2016-09-09 11:30:03', 68),
(21, 0, 2, 0, '2016-09-09 11:30:03', 68),
(21, 0, 2, 0, '2016-09-09 11:30:03', 68),
(25, 0, 1, 0, '2016-09-09 11:30:13', 68),
(20, 0, 2, 0, '2016-09-09 11:30:13', 68),
(20, 0, 2, 0, '2016-09-09 11:30:13', 68),
(20, 0, 2, 0, '2016-09-09 11:30:13', 68),
(18, 0, 1, 0, '2016-09-09 11:30:23', 68),
(26, 0, 1, 0, '2016-09-09 11:30:23', 68),
(21, 0, 2, 0, '2016-09-09 11:30:23', 68),
(21, 0, 2, 0, '2016-09-09 11:30:23', 68),
(21, 0, 2, 0, '2016-09-09 11:30:23', 68),
(18, 0, 1, 0, '2016-09-09 11:30:40', 68),
(21, 0, 2, 0, '2016-09-09 11:30:40', 68),
(21, 0, 2, 0, '2016-09-09 11:30:40', 68),
(21, 0, 2, 0, '2016-09-09 11:30:40', 68),
(22, 0, 1, 0, '2016-09-09 11:30:50', 68),
(26, 0, 1, 0, '2016-09-09 11:30:50', 68),
(20, 0, 2, 0, '2016-09-09 11:30:51', 68),
(20, 0, 2, 0, '2016-09-09 11:30:51', 68),
(20, 0, 2, 0, '2016-09-09 11:30:51', 68),
(27, 0, 1, 0, '2016-09-09 11:31:00', 68),
(21, 0, 2, 0, '2016-09-09 11:31:01', 68),
(21, 0, 2, 0, '2016-09-09 11:31:01', 68),
(21, 0, 2, 0, '2016-09-09 11:31:01', 68),
(20, 0, 2, 0, '2016-09-09 11:31:13', 68),
(20, 0, 2, 0, '2016-09-09 11:31:13', 68),
(20, 0, 2, 0, '2016-09-09 11:31:13', 68),
(21, 0, 2, 0, '2016-09-09 11:31:23', 68),
(21, 0, 2, 0, '2016-09-09 11:31:23', 68),
(21, 0, 2, 0, '2016-09-09 11:31:23', 68),
(20, 0, 2, 0, '2016-09-09 11:31:33', 68),
(20, 0, 2, 0, '2016-09-09 11:31:33', 68),
(20, 0, 2, 0, '2016-09-09 11:31:33', 68),
(21, 0, 2, 0, '2016-09-09 11:31:43', 68),
(21, 0, 2, 0, '2016-09-09 11:31:43', 68),
(21, 0, 2, 0, '2016-09-09 11:31:43', 68),
(20, 0, 2, 0, '2016-09-09 11:31:53', 68),
(20, 0, 2, 0, '2016-09-09 11:31:53', 68),
(20, 0, 2, 0, '2016-09-09 11:31:53', 68),
(18, 0, 1, 0, '2016-09-09 11:32:00', 68),
(21, 0, 2, 0, '2016-09-09 11:32:03', 68),
(21, 0, 2, 0, '2016-09-09 11:32:03', 68),
(21, 0, 2, 0, '2016-09-09 11:32:03', 68),
(22, 0, 1, 0, '2016-09-09 11:32:10', 68),
(26, 0, 1, 0, '2016-09-09 11:32:10', 68),
(20, 0, 2, 0, '2016-09-09 11:32:14', 68),
(20, 0, 2, 0, '2016-09-09 11:32:14', 68),
(20, 0, 2, 0, '2016-09-09 11:32:14', 68),
(27, 0, 1, 0, '2016-09-09 11:32:20', 68),
(21, 0, 2, 0, '2016-09-09 11:32:24', 68),
(21, 0, 2, 0, '2016-09-09 11:32:24', 68),
(21, 0, 2, 0, '2016-09-09 11:32:24', 68),
(20, 0, 2, 0, '2016-09-09 11:32:34', 68),
(20, 0, 2, 0, '2016-09-09 11:32:34', 68),
(20, 0, 2, 0, '2016-09-09 11:32:34', 68),
(21, 0, 2, 0, '2016-09-09 11:32:44', 68),
(21, 0, 2, 0, '2016-09-09 11:32:44', 68),
(21, 0, 2, 0, '2016-09-09 11:32:44', 68),
(20, 0, 2, 0, '2016-09-09 11:32:54', 68),
(20, 0, 2, 0, '2016-09-09 11:32:54', 68),
(20, 0, 2, 0, '2016-09-09 11:32:54', 68),
(21, 0, 2, 0, '2016-09-09 11:33:04', 68),
(21, 0, 2, 0, '2016-09-09 11:33:04', 68),
(21, 0, 2, 0, '2016-09-09 11:33:04', 68),
(20, 0, 2, 0, '2016-09-09 11:33:14', 68),
(20, 0, 2, 0, '2016-09-09 11:33:15', 68),
(20, 0, 2, 0, '2016-09-09 11:33:15', 68),
(18, 0, 1, 0, '2016-09-09 11:33:20', 68),
(21, 0, 2, 0, '2016-09-09 11:33:24', 68),
(21, 0, 2, 0, '2016-09-09 11:33:25', 68),
(21, 0, 2, 0, '2016-09-09 11:33:25', 68),
(22, 0, 1, 0, '2016-09-09 11:33:31', 68),
(26, 0, 1, 0, '2016-09-09 11:33:31', 68),
(20, 0, 2, 0, '2016-09-09 11:33:35', 68),
(20, 0, 2, 0, '2016-09-09 11:33:35', 68),
(20, 0, 2, 0, '2016-09-09 11:33:35', 68),
(27, 0, 1, 0, '2016-09-09 11:33:41', 68),
(21, 0, 2, 0, '2016-09-09 11:33:45', 68),
(21, 0, 2, 0, '2016-09-09 11:33:45', 68),
(21, 0, 2, 0, '2016-09-09 11:33:45', 68),
(20, 0, 2, 0, '2016-09-09 11:33:55', 68),
(20, 0, 2, 0, '2016-09-09 11:33:56', 68),
(20, 0, 2, 0, '2016-09-09 11:33:56', 68),
(21, 0, 2, 0, '2016-09-09 11:34:05', 68),
(21, 0, 2, 0, '2016-09-09 11:34:06', 68),
(21, 0, 2, 0, '2016-09-09 11:34:06', 68),
(20, 0, 2, 0, '2016-09-09 11:34:15', 68),
(20, 0, 2, 0, '2016-09-09 11:34:16', 68),
(20, 0, 2, 0, '2016-09-09 11:34:16', 68),
(21, 0, 2, 0, '2016-09-09 11:34:25', 68),
(21, 0, 2, 0, '2016-09-09 11:34:26', 68),
(21, 0, 2, 0, '2016-09-09 11:34:26', 68),
(20, 0, 2, 0, '2016-09-09 11:34:35', 68),
(20, 0, 2, 0, '2016-09-09 11:34:36', 68),
(20, 0, 2, 0, '2016-09-09 11:34:36', 68),
(18, 0, 1, 0, '2016-09-09 11:34:41', 68),
(21, 0, 2, 0, '2016-09-09 11:34:45', 68),
(21, 0, 2, 0, '2016-09-09 11:34:46', 68),
(21, 0, 2, 0, '2016-09-09 11:34:46', 68),
(22, 0, 1, 0, '2016-09-09 11:34:51', 68),
(26, 0, 1, 0, '2016-09-09 11:34:51', 68),
(20, 0, 2, 0, '2016-09-09 11:34:56', 68),
(20, 0, 2, 0, '2016-09-09 11:34:57', 68),
(20, 0, 2, 0, '2016-09-09 11:34:57', 68),
(27, 0, 1, 0, '2016-09-09 11:35:01', 68),
(21, 0, 2, 0, '2016-09-09 11:35:06', 68),
(21, 0, 2, 0, '2016-09-09 11:35:07', 68),
(21, 0, 2, 0, '2016-09-09 11:35:07', 68),
(20, 0, 2, 0, '2016-09-09 11:35:16', 68),
(20, 0, 2, 0, '2016-09-09 11:35:17', 68),
(20, 0, 2, 0, '2016-09-09 11:35:17', 68),
(21, 0, 2, 0, '2016-09-09 11:35:26', 68),
(21, 0, 2, 0, '2016-09-09 11:35:27', 68),
(21, 0, 2, 0, '2016-09-09 11:35:27', 68),
(20, 0, 2, 0, '2016-09-09 11:35:36', 68),
(20, 0, 2, 0, '2016-09-09 11:35:37', 68),
(20, 0, 2, 0, '2016-09-09 11:35:37', 68),
(21, 0, 2, 0, '2016-09-09 11:35:46', 68),
(21, 0, 2, 0, '2016-09-09 11:35:47', 68),
(21, 0, 2, 0, '2016-09-09 11:35:47', 68),
(20, 0, 2, 0, '2016-09-09 11:35:56', 68),
(20, 0, 2, 0, '2016-09-09 11:35:58', 68),
(20, 0, 2, 0, '2016-09-09 11:35:58', 68),
(18, 0, 1, 0, '2016-09-09 11:36:01', 68),
(21, 0, 2, 0, '2016-09-09 11:36:06', 68),
(21, 0, 2, 0, '2016-09-09 11:36:08', 68),
(21, 0, 2, 0, '2016-09-09 11:36:08', 68),
(22, 0, 1, 0, '2016-09-09 11:36:11', 68),
(26, 0, 1, 0, '2016-09-09 11:36:11', 68),
(20, 0, 2, 0, '2016-09-09 11:36:17', 68),
(20, 0, 2, 0, '2016-09-09 11:36:18', 68),
(20, 0, 2, 0, '2016-09-09 11:36:18', 68),
(27, 0, 1, 0, '2016-09-09 11:36:21', 68),
(21, 0, 2, 0, '2016-09-09 11:36:27', 68),
(21, 0, 2, 0, '2016-09-09 11:36:28', 68),
(21, 0, 2, 0, '2016-09-09 11:36:28', 68),
(20, 0, 2, 0, '2016-09-09 11:36:37', 68),
(20, 0, 2, 0, '2016-09-09 11:36:38', 68),
(20, 0, 2, 0, '2016-09-09 11:36:38', 68),
(21, 0, 2, 0, '2016-09-09 11:36:47', 68),
(21, 0, 2, 0, '2016-09-09 11:36:48', 68),
(21, 0, 2, 0, '2016-09-09 11:36:48', 68),
(20, 0, 2, 0, '2016-09-09 11:36:57', 68),
(20, 0, 2, 0, '2016-09-09 11:36:59', 68),
(20, 0, 2, 0, '2016-09-09 11:36:59', 68),
(21, 0, 2, 0, '2016-09-09 11:37:07', 68),
(21, 0, 2, 0, '2016-09-09 11:37:09', 68),
(21, 0, 2, 0, '2016-09-09 11:37:09', 68),
(20, 0, 2, 0, '2016-09-09 11:37:17', 68),
(20, 0, 2, 0, '2016-09-09 11:37:19', 68),
(20, 0, 2, 0, '2016-09-09 11:37:19', 68),
(18, 0, 1, 0, '2016-09-09 11:37:21', 68),
(21, 0, 2, 0, '2016-09-09 11:37:27', 68),
(21, 0, 2, 0, '2016-09-09 11:37:29', 68),
(21, 0, 2, 0, '2016-09-09 11:37:29', 68),
(22, 0, 1, 0, '2016-09-09 11:37:31', 68),
(26, 0, 1, 0, '2016-09-09 11:37:31', 68),
(20, 0, 2, 0, '2016-09-09 11:37:38', 68),
(20, 0, 2, 0, '2016-09-09 11:37:39', 68),
(20, 0, 2, 0, '2016-09-09 11:37:39', 68),
(27, 0, 1, 0, '2016-09-09 11:37:41', 68),
(21, 0, 2, 0, '2016-09-09 11:37:48', 68),
(21, 0, 2, 0, '2016-09-09 11:37:49', 68),
(21, 0, 2, 0, '2016-09-09 11:37:49', 68),
(18, 0, 1, 0, '2016-09-09 11:38:04', 68),
(21, 0, 2, 0, '2016-09-09 11:38:04', 68),
(21, 0, 2, 0, '2016-09-09 11:38:04', 68),
(21, 0, 2, 0, '2016-09-09 11:38:04', 68),
(22, 0, 1, 0, '2016-09-09 11:38:15', 68),
(26, 0, 1, 0, '2016-09-09 11:38:15', 68),
(20, 0, 2, 0, '2016-09-09 11:38:15', 68),
(20, 0, 2, 0, '2016-09-09 11:38:15', 68),
(20, 0, 2, 0, '2016-09-09 11:38:15', 68),
(27, 0, 1, 0, '2016-09-09 11:38:25', 68),
(21, 0, 2, 0, '2016-09-09 11:38:25', 68),
(21, 0, 2, 0, '2016-09-09 11:38:25', 68),
(21, 0, 2, 0, '2016-09-09 11:38:25', 68),
(20, 0, 2, 0, '2016-09-09 11:38:36', 68),
(20, 0, 2, 0, '2016-09-09 11:38:36', 68),
(20, 0, 2, 0, '2016-09-09 11:38:36', 68),
(21, 0, 2, 0, '2016-09-09 11:38:46', 68),
(21, 0, 2, 0, '2016-09-09 11:38:46', 68),
(21, 0, 2, 0, '2016-09-09 11:38:46', 68),
(20, 0, 2, 0, '2016-09-09 11:38:57', 68),
(20, 0, 2, 0, '2016-09-09 11:38:57', 68),
(20, 0, 2, 0, '2016-09-09 11:38:57', 68),
(21, 0, 2, 0, '2016-09-09 11:39:07', 68),
(21, 0, 2, 0, '2016-09-09 11:39:07', 68),
(21, 0, 2, 0, '2016-09-09 11:39:07', 68),
(20, 0, 2, 0, '2016-09-09 11:39:17', 68),
(20, 0, 2, 0, '2016-09-09 11:39:17', 68),
(20, 0, 2, 0, '2016-09-09 11:39:17', 68),
(18, 0, 1, 0, '2016-09-09 11:39:25', 68),
(21, 0, 2, 0, '2016-09-09 11:39:27', 68),
(21, 0, 2, 0, '2016-09-09 11:39:27', 68),
(21, 0, 2, 0, '2016-09-09 11:39:27', 68),
(22, 0, 1, 0, '2016-09-09 11:39:35', 68),
(26, 0, 1, 0, '2016-09-09 11:39:35', 68),
(20, 0, 2, 0, '2016-09-09 11:39:37', 68),
(20, 0, 2, 0, '2016-09-09 11:39:37', 68),
(20, 0, 2, 0, '2016-09-09 11:39:37', 68),
(27, 0, 1, 0, '2016-09-09 11:39:45', 68),
(21, 0, 2, 0, '2016-09-09 11:39:47', 68),
(21, 0, 2, 0, '2016-09-09 11:39:47', 68),
(21, 0, 2, 0, '2016-09-09 11:39:47', 68),
(20, 0, 2, 0, '2016-09-09 11:39:57', 68),
(20, 0, 2, 0, '2016-09-09 11:39:58', 68),
(20, 0, 2, 0, '2016-09-09 11:39:58', 68),
(21, 0, 2, 0, '2016-09-09 11:40:07', 68),
(21, 0, 2, 0, '2016-09-09 11:40:08', 68),
(21, 0, 2, 0, '2016-09-09 11:40:08', 68),
(20, 0, 2, 0, '2016-09-09 11:40:18', 68),
(20, 0, 2, 0, '2016-09-09 11:40:18', 68),
(20, 0, 2, 0, '2016-09-09 11:40:18', 68),
(21, 0, 2, 0, '2016-09-09 11:40:28', 68),
(21, 0, 2, 0, '2016-09-09 11:40:28', 68),
(21, 0, 2, 0, '2016-09-09 11:40:28', 68),
(20, 0, 2, 0, '2016-09-09 11:40:38', 68),
(20, 0, 2, 0, '2016-09-09 11:40:38', 68),
(20, 0, 2, 0, '2016-09-09 11:40:38', 68),
(18, 0, 1, 0, '2016-09-09 11:40:45', 68),
(21, 0, 2, 0, '2016-09-09 11:40:48', 68),
(21, 0, 2, 0, '2016-09-09 11:40:48', 68),
(21, 0, 2, 0, '2016-09-09 11:40:48', 68),
(22, 0, 1, 0, '2016-09-09 11:40:55', 68),
(26, 0, 1, 0, '2016-09-09 11:40:55', 68),
(20, 0, 2, 0, '2016-09-09 11:40:58', 68),
(20, 0, 2, 0, '2016-09-09 11:40:59', 68),
(20, 0, 2, 0, '2016-09-09 11:40:59', 68),
(27, 0, 1, 0, '2016-09-09 11:41:05', 68),
(21, 0, 2, 0, '2016-09-09 11:41:08', 68),
(21, 0, 2, 0, '2016-09-09 11:41:09', 68),
(21, 0, 2, 0, '2016-09-09 11:41:09', 68),
(20, 0, 2, 0, '2016-09-09 11:41:18', 68),
(20, 0, 2, 0, '2016-09-09 11:41:19', 68),
(20, 0, 2, 0, '2016-09-09 11:41:19', 68),
(21, 0, 2, 0, '2016-09-09 11:41:28', 68),
(21, 0, 2, 0, '2016-09-09 11:41:29', 68),
(21, 0, 2, 0, '2016-09-09 11:41:29', 68),
(20, 0, 2, 0, '2016-09-09 11:41:39', 68),
(20, 0, 2, 0, '2016-09-09 11:41:39', 68),
(20, 0, 2, 0, '2016-09-09 11:41:39', 68),
(21, 0, 2, 0, '2016-09-09 11:41:49', 68),
(21, 0, 2, 0, '2016-09-09 11:41:49', 68),
(21, 0, 2, 0, '2016-09-09 11:41:49', 68),
(20, 0, 2, 0, '2016-09-09 11:41:59', 68),
(20, 0, 2, 0, '2016-09-09 11:42:00', 68),
(20, 0, 2, 0, '2016-09-09 11:42:00', 68),
(18, 0, 1, 0, '2016-09-09 11:42:05', 68),
(21, 0, 2, 0, '2016-09-09 11:42:09', 68),
(21, 0, 2, 0, '2016-09-09 11:42:10', 68),
(21, 0, 2, 0, '2016-09-09 11:42:10', 68),
(22, 0, 1, 0, '2016-09-09 11:42:15', 68),
(26, 0, 1, 0, '2016-09-09 11:42:15', 68),
(20, 0, 2, 0, '2016-09-09 11:42:19', 68),
(20, 0, 2, 0, '2016-09-09 11:42:20', 68),
(20, 0, 2, 0, '2016-09-09 11:42:20', 68),
(27, 0, 1, 0, '2016-09-09 11:42:25', 68),
(21, 0, 2, 0, '2016-09-09 11:42:29', 68),
(21, 0, 2, 0, '2016-09-09 11:42:30', 68),
(21, 0, 2, 0, '2016-09-09 11:42:30', 68),
(20, 0, 2, 0, '2016-09-09 11:42:40', 68),
(20, 0, 2, 0, '2016-09-09 11:42:40', 68),
(20, 0, 2, 0, '2016-09-09 11:42:40', 68),
(21, 0, 2, 0, '2016-09-09 11:42:50', 68),
(21, 0, 2, 0, '2016-09-09 11:42:50', 68),
(21, 0, 2, 0, '2016-09-09 11:42:50', 68),
(20, 0, 2, 0, '2016-09-09 11:43:00', 68),
(20, 0, 2, 0, '2016-09-09 11:43:01', 68),
(20, 0, 2, 0, '2016-09-09 11:43:01', 68),
(21, 0, 2, 0, '2016-09-09 11:43:10', 68),
(21, 0, 2, 0, '2016-09-09 11:43:11', 68),
(21, 0, 2, 0, '2016-09-09 11:43:11', 68),
(20, 0, 2, 0, '2016-09-09 11:43:20', 68),
(20, 0, 2, 0, '2016-09-09 11:43:21', 68),
(20, 0, 2, 0, '2016-09-09 11:43:21', 68),
(18, 0, 1, 0, '2016-09-09 11:43:25', 68),
(21, 0, 2, 0, '2016-09-09 11:43:30', 68),
(21, 0, 2, 0, '2016-09-09 11:43:31', 68),
(21, 0, 2, 0, '2016-09-09 11:43:31', 68),
(22, 0, 1, 0, '2016-09-09 11:43:36', 68),
(26, 0, 1, 0, '2016-09-09 11:43:36', 68),
(20, 0, 2, 0, '2016-09-09 11:43:40', 68),
(20, 0, 2, 0, '2016-09-09 11:43:41', 68),
(20, 0, 2, 0, '2016-09-09 11:43:41', 68),
(27, 0, 1, 0, '2016-09-09 11:43:46', 68),
(21, 0, 2, 0, '2016-09-09 11:43:50', 68),
(21, 0, 2, 0, '2016-09-09 11:43:51', 68),
(21, 0, 2, 0, '2016-09-09 11:43:51', 68),
(20, 0, 2, 0, '2016-09-09 11:44:01', 68),
(20, 0, 2, 0, '2016-09-09 11:44:02', 68),
(20, 0, 2, 0, '2016-09-09 11:44:02', 68),
(21, 0, 2, 0, '2016-09-09 11:44:11', 68),
(21, 0, 2, 0, '2016-09-09 11:44:12', 68),
(21, 0, 2, 0, '2016-09-09 11:44:12', 68),
(20, 0, 2, 0, '2016-09-09 11:44:21', 68),
(20, 0, 2, 0, '2016-09-09 11:44:22', 68),
(20, 0, 2, 0, '2016-09-09 11:44:22', 68),
(21, 0, 2, 0, '2016-09-09 11:44:31', 68),
(21, 0, 2, 0, '2016-09-09 11:44:32', 68),
(21, 0, 2, 0, '2016-09-09 11:44:32', 68),
(20, 0, 2, 0, '2016-09-09 11:44:41', 68),
(20, 0, 2, 0, '2016-09-09 11:44:42', 68),
(20, 0, 2, 0, '2016-09-09 11:44:42', 68),
(18, 0, 1, 0, '2016-09-09 11:44:46', 68),
(21, 0, 2, 0, '2016-09-09 11:44:51', 68),
(21, 0, 2, 0, '2016-09-09 11:44:52', 68),
(21, 0, 2, 0, '2016-09-09 11:44:52', 68),
(22, 0, 1, 0, '2016-09-09 11:44:56', 68),
(26, 0, 1, 0, '2016-09-09 11:44:56', 68),
(20, 0, 2, 0, '2016-09-09 11:45:01', 68),
(20, 0, 2, 0, '2016-09-09 11:45:03', 68),
(20, 0, 2, 0, '2016-09-09 11:45:03', 68),
(27, 0, 1, 0, '2016-09-09 11:45:06', 68),
(21, 0, 2, 0, '2016-09-09 11:45:11', 68),
(21, 0, 2, 0, '2016-09-09 11:45:13', 68),
(21, 0, 2, 0, '2016-09-09 11:45:13', 68),
(20, 0, 2, 0, '2016-09-09 11:45:22', 68),
(20, 0, 2, 0, '2016-09-09 11:45:23', 68),
(20, 0, 2, 0, '2016-09-09 11:45:23', 68),
(21, 0, 2, 0, '2016-09-09 11:45:32', 68),
(21, 0, 2, 0, '2016-09-09 11:45:33', 68),
(21, 0, 2, 0, '2016-09-09 11:45:33', 68),
(20, 0, 2, 0, '2016-09-09 11:45:42', 68),
(20, 0, 2, 0, '2016-09-09 11:45:43', 68),
(20, 0, 2, 0, '2016-09-09 11:45:43', 68),
(21, 0, 2, 0, '2016-09-09 11:45:52', 68),
(21, 0, 2, 0, '2016-09-09 11:45:53', 68),
(21, 0, 2, 0, '2016-09-09 11:45:54', 68),
(20, 0, 2, 0, '2016-09-09 11:46:02', 68),
(20, 0, 2, 0, '2016-09-09 11:46:04', 68),
(20, 0, 2, 0, '2016-09-09 11:46:04', 68),
(18, 0, 1, 0, '2016-09-09 11:46:06', 68),
(21, 0, 2, 0, '2016-09-09 11:46:12', 68),
(21, 0, 2, 0, '2016-09-09 11:46:14', 68),
(21, 0, 2, 0, '2016-09-09 11:46:14', 68),
(22, 0, 1, 0, '2016-09-09 11:46:16', 68),
(26, 0, 1, 0, '2016-09-09 11:46:16', 68),
(20, 0, 2, 0, '2016-09-09 11:46:22', 68),
(20, 0, 2, 0, '2016-09-09 11:46:24', 68),
(20, 0, 2, 0, '2016-09-09 11:46:24', 68),
(27, 0, 1, 0, '2016-09-09 11:46:26', 68),
(21, 0, 2, 0, '2016-09-09 11:46:32', 68),
(21, 0, 2, 0, '2016-09-09 11:46:34', 68),
(21, 0, 2, 0, '2016-09-09 11:46:34', 68),
(20, 0, 2, 0, '2016-09-09 11:46:43', 68),
(20, 0, 2, 0, '2016-09-09 11:46:44', 68),
(20, 0, 2, 0, '2016-09-09 11:46:45', 68),
(21, 0, 2, 0, '2016-09-09 11:46:53', 68),
(21, 0, 2, 0, '2016-09-09 11:46:54', 68),
(21, 0, 2, 0, '2016-09-09 11:46:55', 68),
(20, 0, 2, 0, '2016-09-09 11:47:03', 68),
(20, 0, 2, 0, '2016-09-09 11:47:05', 68),
(20, 0, 2, 0, '2016-09-09 11:47:05', 68),
(21, 0, 2, 0, '2016-09-09 11:47:13', 68),
(21, 0, 2, 0, '2016-09-09 11:47:15', 68),
(21, 0, 2, 0, '2016-09-09 11:47:15', 68),
(20, 0, 2, 0, '2016-09-09 11:47:23', 68),
(20, 0, 2, 0, '2016-09-09 11:47:25', 68),
(20, 0, 2, 0, '2016-09-09 11:47:25', 68),
(18, 0, 1, 0, '2016-09-09 11:47:26', 68),
(21, 0, 2, 0, '2016-09-09 11:47:33', 68),
(21, 0, 2, 0, '2016-09-09 11:47:35', 68),
(21, 0, 2, 0, '2016-09-09 11:47:35', 68),
(22, 0, 1, 0, '2016-09-09 11:47:36', 68),
(26, 0, 1, 0, '2016-09-09 11:47:36', 68),
(20, 0, 2, 0, '2016-09-09 11:47:43', 68),
(20, 0, 2, 0, '2016-09-09 11:47:45', 68),
(20, 0, 2, 0, '2016-09-09 11:47:45', 68),
(27, 0, 1, 0, '2016-09-09 11:47:46', 68),
(21, 0, 2, 0, '2016-09-09 11:47:53', 68),
(21, 0, 2, 0, '2016-09-09 11:47:55', 68),
(21, 0, 2, 0, '2016-09-09 11:47:55', 68),
(20, 0, 2, 0, '2016-09-09 11:48:04', 68),
(20, 0, 2, 0, '2016-09-09 11:48:06', 68),
(20, 0, 2, 0, '2016-09-09 11:48:06', 68),
(21, 0, 2, 0, '2016-09-09 11:48:14', 68),
(21, 0, 2, 0, '2016-09-09 11:48:16', 68),
(21, 0, 2, 0, '2016-09-09 11:48:16', 68),
(20, 0, 2, 0, '2016-09-09 11:48:24', 68),
(20, 0, 2, 0, '2016-09-09 11:48:26', 68),
(20, 0, 2, 0, '2016-09-09 11:48:26', 68),
(21, 0, 2, 0, '2016-09-09 11:48:34', 68),
(21, 0, 2, 0, '2016-09-09 11:48:36', 68),
(21, 0, 2, 0, '2016-09-09 11:48:36', 68),
(20, 0, 2, 0, '2016-09-09 11:48:44', 68),
(20, 0, 2, 0, '2016-09-09 11:48:46', 68),
(20, 0, 2, 0, '2016-09-09 11:48:46', 68),
(18, 0, 1, 0, '2016-09-09 11:48:46', 68),
(21, 0, 2, 0, '2016-09-09 11:48:54', 68),
(21, 0, 2, 0, '2016-09-09 11:48:56', 68),
(21, 0, 2, 0, '2016-09-09 11:48:56', 68),
(22, 0, 1, 0, '2016-09-09 11:48:57', 68),
(26, 0, 1, 0, '2016-09-09 11:48:57', 68),
(20, 0, 2, 0, '2016-09-09 11:49:05', 68),
(20, 0, 2, 0, '2016-09-09 11:49:07', 68),
(20, 0, 2, 0, '2016-09-09 11:49:07', 68),
(27, 0, 1, 0, '2016-09-09 11:49:07', 68),
(21, 0, 2, 0, '2016-09-09 11:49:15', 68),
(21, 0, 2, 0, '2016-09-09 11:49:17', 68),
(21, 0, 2, 0, '2016-09-09 11:49:17', 68),
(20, 0, 2, 0, '2016-09-09 11:49:25', 68),
(20, 0, 2, 0, '2016-09-09 11:49:27', 68),
(20, 0, 2, 0, '2016-09-09 11:49:27', 68),
(21, 0, 2, 0, '2016-09-09 11:49:35', 68),
(21, 0, 2, 0, '2016-09-09 11:49:37', 68),
(21, 0, 2, 0, '2016-09-09 11:49:37', 68),
(20, 0, 2, 0, '2016-09-09 11:49:45', 68),
(20, 0, 2, 0, '2016-09-09 11:49:47', 68),
(20, 0, 2, 0, '2016-09-09 11:49:47', 68),
(21, 0, 2, 0, '2016-09-09 11:49:55', 68),
(21, 0, 2, 0, '2016-09-09 11:49:57', 68),
(21, 0, 2, 0, '2016-09-09 11:49:57', 68),
(20, 0, 2, 0, '2016-09-09 11:50:05', 68),
(18, 0, 1, 0, '2016-09-09 11:50:07', 68),
(20, 0, 2, 0, '2016-09-09 11:50:08', 68),
(20, 0, 2, 0, '2016-09-09 11:50:08', 68),
(21, 0, 2, 0, '2016-09-09 11:50:15', 68),
(22, 0, 1, 0, '2016-09-09 11:50:17', 68),
(26, 0, 1, 0, '2016-09-09 11:50:17', 68),
(21, 0, 2, 0, '2016-09-09 11:50:18', 68),
(21, 0, 2, 0, '2016-09-09 11:50:18', 68),
(20, 0, 2, 0, '2016-09-09 11:50:26', 68),
(27, 0, 1, 0, '2016-09-09 11:50:27', 68),
(20, 0, 2, 0, '2016-09-09 11:50:28', 68),
(20, 0, 2, 0, '2016-09-09 11:50:28', 68),
(21, 0, 2, 0, '2016-09-09 11:50:36', 68),
(21, 0, 2, 0, '2016-09-09 11:50:38', 68),
(21, 0, 2, 0, '2016-09-09 11:50:38', 68),
(20, 0, 2, 0, '2016-09-09 11:50:46', 68),
(20, 0, 2, 0, '2016-09-09 11:50:49', 68),
(20, 0, 2, 0, '2016-09-09 11:50:49', 68),
(21, 0, 2, 0, '2016-09-09 11:50:56', 68),
(21, 0, 2, 0, '2016-09-09 11:50:59', 68),
(21, 0, 2, 0, '2016-09-09 11:50:59', 68),
(20, 0, 2, 0, '2016-09-09 11:51:06', 68),
(20, 0, 2, 0, '2016-09-09 11:51:09', 68),
(20, 0, 2, 0, '2016-09-09 11:51:09', 68),
(21, 0, 2, 0, '2016-09-09 11:51:16', 68),
(21, 0, 2, 0, '2016-09-09 11:51:19', 68),
(21, 0, 2, 0, '2016-09-09 11:51:19', 68),
(20, 0, 2, 0, '2016-09-09 11:51:27', 68),
(18, 0, 1, 0, '2016-09-09 11:51:27', 68),
(20, 0, 2, 0, '2016-09-09 11:51:29', 68),
(20, 0, 2, 0, '2016-09-09 11:51:29', 68),
(21, 0, 2, 0, '2016-09-09 11:51:37', 68),
(22, 0, 1, 0, '2016-09-09 11:51:37', 68),
(26, 0, 1, 0, '2016-09-09 11:51:37', 68),
(21, 0, 2, 0, '2016-09-09 11:51:39', 68),
(21, 0, 2, 0, '2016-09-09 11:51:39', 68),
(20, 0, 2, 0, '2016-09-09 11:51:47', 68),
(27, 0, 1, 0, '2016-09-09 11:51:47', 68),
(20, 0, 2, 0, '2016-09-09 11:51:50', 68),
(20, 0, 2, 0, '2016-09-09 11:51:50', 68),
(21, 0, 2, 0, '2016-09-09 11:51:57', 68),
(21, 0, 2, 0, '2016-09-09 11:52:00', 68),
(21, 0, 2, 0, '2016-09-09 11:52:00', 68),
(20, 0, 2, 0, '2016-09-09 11:52:07', 68),
(20, 0, 2, 0, '2016-09-09 11:52:10', 68),
(20, 0, 2, 0, '2016-09-09 11:52:10', 68),
(21, 0, 2, 0, '2016-09-09 11:52:17', 68),
(21, 0, 2, 0, '2016-09-09 11:52:20', 68),
(21, 0, 2, 0, '2016-09-09 11:52:20', 68),
(20, 0, 2, 0, '2016-09-09 11:52:27', 68),
(20, 0, 2, 0, '2016-09-09 11:52:31', 68),
(20, 0, 2, 0, '2016-09-09 11:52:31', 68),
(21, 0, 2, 0, '2016-09-09 11:52:37', 68),
(21, 0, 2, 0, '2016-09-09 11:52:41', 68),
(21, 0, 2, 0, '2016-09-09 11:52:41', 68),
(18, 0, 1, 0, '2016-09-09 11:52:47', 68),
(20, 0, 2, 0, '2016-09-09 11:52:48', 68),
(20, 0, 2, 0, '2016-09-09 11:52:51', 68),
(20, 0, 2, 0, '2016-09-09 11:52:51', 68),
(22, 0, 1, 0, '2016-09-09 11:52:58', 68),
(26, 0, 1, 0, '2016-09-09 11:52:58', 68),
(21, 0, 2, 0, '2016-09-09 11:52:58', 68),
(21, 0, 2, 0, '2016-09-09 11:53:01', 68),
(21, 0, 2, 0, '2016-09-09 11:53:01', 68),
(27, 0, 1, 0, '2016-09-09 11:53:08', 68),
(20, 0, 2, 0, '2016-09-09 11:53:09', 68),
(20, 0, 2, 0, '2016-09-09 11:53:12', 68),
(20, 0, 2, 0, '2016-09-09 11:53:12', 68),
(21, 0, 2, 0, '2016-09-09 11:53:19', 68),
(21, 0, 2, 0, '2016-09-09 11:53:22', 68),
(21, 0, 2, 0, '2016-09-09 11:53:22', 68),
(20, 0, 2, 0, '2016-09-09 11:53:29', 68),
(20, 0, 2, 0, '2016-09-09 11:53:32', 68),
(20, 0, 2, 0, '2016-09-09 11:53:32', 68),
(21, 0, 2, 0, '2016-09-09 11:53:39', 68),
(21, 0, 2, 0, '2016-09-09 11:53:42', 68),
(21, 0, 2, 0, '2016-09-09 11:53:42', 68),
(20, 0, 2, 0, '2016-09-09 11:53:49', 68),
(20, 0, 2, 0, '2016-09-09 11:53:52', 68),
(20, 0, 2, 0, '2016-09-09 11:53:52', 68),
(21, 0, 2, 0, '2016-09-09 11:53:59', 68),
(21, 0, 2, 0, '2016-09-09 11:54:02', 68),
(21, 0, 2, 0, '2016-09-09 11:54:02', 68),
(18, 0, 1, 0, '2016-09-09 11:54:08', 68),
(20, 0, 2, 0, '2016-09-09 11:54:10', 68),
(20, 0, 2, 0, '2016-09-09 11:54:13', 68),
(20, 0, 2, 0, '2016-09-09 11:54:13', 68),
(22, 0, 1, 0, '2016-09-09 11:54:18', 68),
(26, 0, 1, 0, '2016-09-09 11:54:18', 68),
(21, 0, 2, 0, '2016-09-09 11:54:20', 68),
(21, 0, 2, 0, '2016-09-09 11:54:23', 68),
(21, 0, 2, 0, '2016-09-09 11:54:23', 68),
(27, 0, 1, 0, '2016-09-09 11:54:28', 68),
(20, 0, 2, 0, '2016-09-09 11:54:30', 68),
(20, 0, 2, 0, '2016-09-09 11:54:33', 68),
(20, 0, 2, 0, '2016-09-09 11:54:33', 68),
(21, 0, 2, 0, '2016-09-09 11:54:40', 68),
(21, 0, 2, 0, '2016-09-09 11:54:43', 68),
(21, 0, 2, 0, '2016-09-09 11:54:43', 68),
(20, 0, 2, 0, '2016-09-09 11:54:51', 68),
(20, 0, 2, 0, '2016-09-09 11:54:53', 68),
(20, 0, 2, 0, '2016-09-09 11:54:53', 68),
(21, 0, 2, 0, '2016-09-09 11:55:01', 68),
(21, 0, 2, 0, '2016-09-09 11:55:03', 68),
(21, 0, 2, 0, '2016-09-09 11:55:03', 68),
(20, 0, 2, 0, '2016-09-09 11:55:11', 68),
(20, 0, 2, 0, '2016-09-09 11:55:14', 68),
(20, 0, 2, 0, '2016-09-09 11:55:14', 68),
(21, 0, 2, 0, '2016-09-09 11:55:21', 68),
(21, 0, 2, 0, '2016-09-09 11:55:24', 68),
(21, 0, 2, 0, '2016-09-09 11:55:24', 68),
(18, 0, 1, 0, '2016-09-09 11:55:28', 68),
(20, 0, 2, 0, '2016-09-09 11:55:31', 68),
(20, 0, 2, 0, '2016-09-09 11:55:34', 68),
(20, 0, 2, 0, '2016-09-09 11:55:34', 68),
(22, 0, 1, 0, '2016-09-09 11:55:38', 68),
(26, 0, 1, 0, '2016-09-09 11:55:38', 68),
(21, 0, 2, 0, '2016-09-09 11:55:41', 68),
(21, 0, 2, 0, '2016-09-09 11:55:44', 68),
(21, 0, 2, 0, '2016-09-09 11:55:44', 68),
(27, 0, 1, 0, '2016-09-09 11:55:48', 68),
(20, 0, 2, 0, '2016-09-09 11:55:51', 68),
(20, 0, 2, 0, '2016-09-09 11:55:54', 68),
(20, 0, 2, 0, '2016-09-09 11:55:55', 68),
(21, 0, 2, 0, '2016-09-09 11:56:01', 68),
(21, 0, 2, 0, '2016-09-09 11:56:04', 68),
(21, 0, 2, 0, '2016-09-09 11:56:05', 68),
(20, 0, 2, 0, '2016-09-09 11:56:12', 68),
(20, 0, 2, 0, '2016-09-09 11:56:15', 68),
(20, 0, 2, 0, '2016-09-09 11:56:15', 68),
(21, 0, 2, 0, '2016-09-09 11:56:22', 68),
(21, 0, 2, 0, '2016-09-09 11:56:25', 68),
(21, 0, 2, 0, '2016-09-09 11:56:25', 68),
(20, 0, 2, 0, '2016-09-09 11:56:32', 68),
(20, 0, 2, 0, '2016-09-09 11:56:35', 68),
(20, 0, 2, 0, '2016-09-09 11:56:35', 68),
(21, 0, 2, 0, '2016-09-09 11:56:42', 68),
(21, 0, 2, 0, '2016-09-09 11:56:45', 68),
(21, 0, 2, 0, '2016-09-09 11:56:45', 68),
(18, 0, 1, 0, '2016-09-09 11:56:48', 68),
(20, 0, 2, 0, '2016-09-09 11:56:52', 68),
(20, 0, 2, 0, '2016-09-09 11:56:55', 68),
(20, 0, 2, 0, '2016-09-09 11:56:55', 68),
(22, 0, 1, 0, '2016-09-09 11:56:58', 68),
(26, 0, 1, 0, '2016-09-09 11:56:59', 68),
(21, 0, 2, 0, '2016-09-09 11:57:02', 68),
(21, 0, 2, 0, '2016-09-09 11:57:05', 68),
(21, 0, 2, 0, '2016-09-09 11:57:06', 68),
(27, 0, 1, 0, '2016-09-09 11:57:09', 68),
(20, 0, 2, 0, '2016-09-09 11:57:13', 68),
(20, 0, 2, 0, '2016-09-09 11:57:16', 68),
(20, 0, 2, 0, '2016-09-09 11:57:17', 68),
(21, 0, 2, 0, '2016-09-09 11:57:23', 68),
(21, 0, 2, 0, '2016-09-09 11:57:26', 68),
(21, 0, 2, 0, '2016-09-09 11:57:27', 68),
(20, 0, 2, 0, '2016-09-09 11:57:34', 68),
(20, 0, 2, 0, '2016-09-09 11:57:37', 68),
(20, 0, 2, 0, '2016-09-09 11:57:38', 68),
(21, 0, 2, 0, '2016-09-09 11:57:44', 68),
(21, 0, 2, 0, '2016-09-09 11:57:47', 68),
(21, 0, 2, 0, '2016-09-09 11:57:48', 68),
(20, 0, 2, 0, '2016-09-09 11:57:55', 68),
(20, 0, 2, 0, '2016-09-09 11:57:58', 68),
(20, 0, 2, 0, '2016-09-09 11:57:59', 68),
(21, 0, 2, 0, '2016-09-09 11:58:05', 68),
(21, 0, 2, 0, '2016-09-09 11:58:08', 68),
(21, 0, 2, 0, '2016-09-09 11:58:09', 68),
(18, 0, 1, 0, '2016-09-09 11:58:10', 68),
(20, 0, 2, 0, '2016-09-09 11:58:16', 68),
(20, 0, 2, 0, '2016-09-09 11:58:19', 68),
(20, 0, 2, 0, '2016-09-09 11:58:20', 68),
(22, 0, 1, 0, '2016-09-09 11:58:21', 68),
(26, 0, 1, 0, '2016-09-09 11:58:21', 68),
(21, 0, 2, 0, '2016-09-09 11:58:26', 68),
(21, 0, 2, 0, '2016-09-09 11:58:29', 68),
(21, 0, 2, 0, '2016-09-09 11:58:30', 68),
(27, 0, 1, 0, '2016-09-09 11:58:31', 68),
(20, 0, 2, 0, '2016-09-09 11:58:37', 68),
(20, 0, 2, 0, '2016-09-09 11:58:40', 68),
(20, 0, 2, 0, '2016-09-09 11:58:41', 68),
(21, 0, 2, 0, '2016-09-09 11:58:47', 68),
(21, 0, 2, 0, '2016-09-09 11:58:50', 68),
(21, 0, 2, 0, '2016-09-09 11:58:51', 68),
(20, 0, 2, 0, '2016-09-09 11:58:58', 68),
(20, 0, 2, 0, '2016-09-09 11:59:01', 68),
(20, 0, 2, 0, '2016-09-09 11:59:02', 68),
(21, 0, 2, 0, '2016-09-09 11:59:08', 68),
(21, 0, 2, 0, '2016-09-09 11:59:11', 68),
(21, 0, 2, 0, '2016-09-09 11:59:12', 68),
(20, 0, 2, 0, '2016-09-09 11:59:19', 68),
(20, 0, 2, 0, '2016-09-09 11:59:22', 68),
(20, 0, 2, 0, '2016-09-09 11:59:23', 68),
(21, 0, 2, 0, '2016-09-09 11:59:29', 68),
(18, 0, 1, 0, '2016-09-09 11:59:32', 68),
(21, 0, 2, 0, '2016-09-09 11:59:32', 68),
(21, 0, 2, 0, '2016-09-09 11:59:33', 68),
(20, 0, 2, 0, '2016-09-09 11:59:40', 68),
(22, 0, 1, 0, '2016-09-09 11:59:43', 68),
(26, 0, 1, 0, '2016-09-09 11:59:43', 68),
(20, 0, 2, 0, '2016-09-09 11:59:43', 68),
(20, 0, 2, 0, '2016-09-09 11:59:44', 68),
(21, 0, 2, 0, '2016-09-09 11:59:50', 68),
(27, 0, 1, 0, '2016-09-09 11:59:53', 68),
(21, 0, 2, 0, '2016-09-09 11:59:53', 68),
(21, 0, 2, 0, '2016-09-09 11:59:54', 68),
(20, 0, 2, 0, '2016-09-09 12:00:01', 68),
(20, 0, 2, 0, '2016-09-09 12:00:04', 68),
(20, 0, 2, 0, '2016-09-09 12:00:05', 68),
(21, 0, 2, 0, '2016-09-09 12:00:11', 68),
(21, 0, 2, 0, '2016-09-09 12:00:14', 68),
(21, 0, 2, 0, '2016-09-09 12:00:15', 68),
(20, 0, 2, 0, '2016-09-09 12:00:22', 68),
(20, 0, 2, 0, '2016-09-09 12:00:25', 68),
(20, 0, 2, 0, '2016-09-09 12:00:26', 68),
(21, 0, 2, 0, '2016-09-09 12:00:32', 68),
(21, 0, 2, 0, '2016-09-09 12:00:35', 68),
(21, 0, 2, 0, '2016-09-09 12:00:36', 68),
(20, 0, 2, 0, '2016-09-09 12:00:43', 68),
(20, 0, 2, 0, '2016-09-09 12:00:46', 68),
(20, 0, 2, 0, '2016-09-09 12:00:47', 68),
(21, 0, 2, 0, '2016-09-09 12:00:53', 68),
(18, 0, 1, 0, '2016-09-09 12:00:54', 68),
(21, 0, 2, 0, '2016-09-09 12:00:56', 68),
(21, 0, 2, 0, '2016-09-09 12:00:57', 68),
(20, 0, 2, 0, '2016-09-09 12:01:04', 68),
(22, 0, 1, 0, '2016-09-09 12:01:05', 68),
(26, 0, 1, 0, '2016-09-09 12:01:05', 68),
(20, 0, 2, 0, '2016-09-09 12:01:07', 68),
(20, 0, 2, 0, '2016-09-09 12:01:08', 68),
(21, 0, 2, 0, '2016-09-09 12:01:14', 68),
(27, 0, 1, 0, '2016-09-09 12:01:15', 68),
(21, 0, 2, 0, '2016-09-09 12:01:17', 68),
(21, 0, 2, 0, '2016-09-09 12:01:18', 68),
(20, 0, 2, 0, '2016-09-09 12:01:25', 68),
(20, 0, 2, 0, '2016-09-09 12:01:28', 68),
(20, 0, 2, 0, '2016-09-09 12:01:29', 68),
(21, 0, 2, 0, '2016-09-09 12:01:35', 68),
(21, 0, 2, 0, '2016-09-09 12:01:38', 68),
(21, 0, 2, 0, '2016-09-09 12:01:39', 68),
(20, 0, 2, 0, '2016-09-09 12:01:46', 68),
(20, 0, 2, 0, '2016-09-09 12:01:49', 68),
(20, 0, 2, 0, '2016-09-09 12:01:50', 68),
(21, 0, 2, 0, '2016-09-09 12:01:56', 68),
(21, 0, 2, 0, '2016-09-09 12:01:59', 68),
(21, 0, 2, 0, '2016-09-09 12:02:00', 68),
(20, 0, 2, 0, '2016-09-09 12:02:07', 68),
(20, 0, 2, 0, '2016-09-09 12:02:10', 68),
(20, 0, 2, 0, '2016-09-09 12:02:11', 68),
(18, 0, 1, 0, '2016-09-09 12:02:16', 68),
(21, 0, 2, 0, '2016-09-09 12:02:17', 68),
(21, 0, 2, 0, '2016-09-09 12:02:20', 68),
(21, 0, 2, 0, '2016-09-09 12:02:21', 68),
(22, 0, 1, 0, '2016-09-09 12:02:27', 68),
(26, 0, 1, 0, '2016-09-09 12:02:27', 68),
(20, 0, 2, 0, '2016-09-09 12:02:28', 68),
(20, 0, 2, 0, '2016-09-09 12:02:31', 68),
(20, 0, 2, 0, '2016-09-09 12:02:32', 68),
(27, 0, 1, 0, '2016-09-09 12:02:37', 68),
(21, 0, 2, 0, '2016-09-09 12:02:38', 68),
(21, 0, 2, 0, '2016-09-09 12:02:41', 68),
(21, 0, 2, 0, '2016-09-09 12:02:42', 68),
(20, 0, 2, 0, '2016-09-09 12:02:49', 68),
(20, 0, 2, 0, '2016-09-09 12:02:52', 68),
(20, 0, 2, 0, '2016-09-09 12:02:53', 68),
(21, 0, 2, 0, '2016-09-09 12:02:59', 68),
(21, 0, 2, 0, '2016-09-09 12:03:02', 68),
(21, 0, 2, 0, '2016-09-09 12:03:03', 68),
(20, 0, 2, 0, '2016-09-09 12:03:10', 68),
(20, 0, 2, 0, '2016-09-09 12:03:13', 68),
(20, 0, 2, 0, '2016-09-09 12:03:14', 68),
(21, 0, 2, 0, '2016-09-09 12:03:20', 68),
(21, 0, 2, 0, '2016-09-09 12:03:23', 68),
(21, 0, 2, 0, '2016-09-09 12:03:24', 68),
(20, 0, 2, 0, '2016-09-09 12:03:31', 68),
(20, 0, 2, 0, '2016-09-09 12:03:34', 68),
(20, 0, 2, 0, '2016-09-09 12:03:35', 68),
(18, 0, 1, 0, '2016-09-09 12:03:38', 68),
(21, 0, 2, 0, '2016-09-09 12:03:41', 68),
(21, 0, 2, 0, '2016-09-09 12:03:44', 68),
(21, 0, 2, 0, '2016-09-09 12:03:45', 68),
(22, 0, 1, 0, '2016-09-09 12:03:49', 68),
(26, 0, 1, 0, '2016-09-09 12:03:49', 68),
(20, 0, 2, 0, '2016-09-09 12:03:52', 68),
(20, 0, 2, 0, '2016-09-09 12:03:55', 68),
(20, 0, 2, 0, '2016-09-09 12:03:56', 68),
(27, 0, 1, 0, '2016-09-09 12:03:59', 68),
(21, 0, 2, 0, '2016-09-09 12:04:02', 68),
(21, 0, 2, 0, '2016-09-09 12:04:05', 68),
(21, 0, 2, 0, '2016-09-09 12:04:06', 68),
(20, 0, 2, 0, '2016-09-09 12:04:13', 68),
(20, 0, 2, 0, '2016-09-09 12:04:16', 68),
(20, 0, 2, 0, '2016-09-09 12:04:17', 68),
(21, 0, 2, 0, '2016-09-09 12:04:23', 68),
(21, 0, 2, 0, '2016-09-09 12:04:26', 68),
(21, 0, 2, 0, '2016-09-09 12:04:27', 68),
(20, 0, 2, 0, '2016-09-09 12:04:34', 68),
(20, 0, 2, 0, '2016-09-09 12:04:37', 68),
(20, 0, 2, 0, '2016-09-09 12:04:38', 68),
(21, 0, 2, 0, '2016-09-09 12:04:44', 68),
(21, 0, 2, 0, '2016-09-09 12:04:47', 68),
(21, 0, 2, 0, '2016-09-09 12:04:48', 68),
(20, 0, 2, 0, '2016-09-09 12:04:55', 68),
(20, 0, 2, 0, '2016-09-09 12:04:58', 68),
(20, 0, 2, 0, '2016-09-09 12:04:59', 68),
(18, 0, 1, 0, '2016-09-09 12:05:00', 68),
(21, 0, 2, 0, '2016-09-09 12:05:05', 68),
(21, 0, 2, 0, '2016-09-09 12:05:08', 68),
(21, 0, 2, 0, '2016-09-09 12:05:09', 68),
(22, 0, 1, 0, '2016-09-09 12:05:11', 68),
(26, 0, 1, 0, '2016-09-09 12:05:11', 68),
(20, 0, 2, 0, '2016-09-09 12:05:16', 68),
(20, 0, 2, 0, '2016-09-09 12:05:19', 68),
(20, 0, 2, 0, '2016-09-09 12:05:20', 68),
(27, 0, 1, 0, '2016-09-09 12:05:21', 68),
(21, 0, 2, 0, '2016-09-09 12:05:26', 68),
(21, 0, 2, 0, '2016-09-09 12:05:29', 68),
(21, 0, 2, 0, '2016-09-09 12:05:30', 68),
(20, 0, 2, 0, '2016-09-09 12:05:37', 68),
(20, 0, 2, 0, '2016-09-09 12:05:40', 68),
(20, 0, 2, 0, '2016-09-09 12:05:41', 68),
(21, 0, 2, 0, '2016-09-09 12:05:47', 68),
(21, 0, 2, 0, '2016-09-09 12:05:50', 68),
(21, 0, 2, 0, '2016-09-09 12:05:51', 68),
(20, 0, 2, 0, '2016-09-09 12:05:58', 68),
(20, 0, 2, 0, '2016-09-09 12:06:01', 68),
(20, 0, 2, 0, '2016-09-09 12:06:02', 68),
(21, 0, 2, 0, '2016-09-09 12:06:08', 68),
(21, 0, 2, 0, '2016-09-09 12:06:11', 68),
(21, 0, 2, 0, '2016-09-09 12:06:12', 68),
(20, 0, 2, 0, '2016-09-09 12:06:19', 68),
(20, 0, 2, 0, '2016-09-09 12:06:22', 68),
(18, 0, 1, 0, '2016-09-09 12:06:22', 68),
(20, 0, 2, 0, '2016-09-09 12:06:23', 68),
(21, 0, 2, 0, '2016-09-09 12:06:29', 68),
(21, 0, 2, 0, '2016-09-09 12:06:32', 68),
(22, 0, 1, 0, '2016-09-09 12:06:33', 68),
(26, 0, 1, 0, '2016-09-09 12:06:33', 68),
(21, 0, 2, 0, '2016-09-09 12:06:33', 68),
(20, 0, 2, 0, '2016-09-09 12:06:40', 68),
(20, 0, 2, 0, '2016-09-09 12:06:43', 68),
(27, 0, 1, 0, '2016-09-09 12:06:43', 68),
(20, 0, 2, 0, '2016-09-09 12:06:44', 68),
(21, 0, 2, 0, '2016-09-09 12:06:50', 68),
(21, 0, 2, 0, '2016-09-09 12:06:53', 68),
(21, 0, 2, 0, '2016-09-09 12:06:54', 68),
(20, 0, 2, 0, '2016-09-09 12:07:01', 68),
(20, 0, 2, 0, '2016-09-09 12:07:04', 68),
(20, 0, 2, 0, '2016-09-09 12:07:05', 68),
(21, 0, 2, 0, '2016-09-09 12:07:11', 68),
(21, 0, 2, 0, '2016-09-09 12:07:14', 68),
(21, 0, 2, 0, '2016-09-09 12:07:15', 68),
(20, 0, 2, 0, '2016-09-09 12:07:22', 68),
(20, 0, 2, 0, '2016-09-09 12:07:25', 68),
(20, 0, 2, 0, '2016-09-09 12:07:26', 68),
(21, 0, 2, 0, '2016-09-09 12:07:32', 68),
(21, 0, 2, 0, '2016-09-09 12:07:35', 68),
(21, 0, 2, 0, '2016-09-09 12:07:36', 68),
(20, 0, 2, 0, '2016-09-09 12:07:43', 68),
(18, 0, 1, 0, '2016-09-09 12:07:44', 68),
(20, 0, 2, 0, '2016-09-09 12:07:46', 68),
(20, 0, 2, 0, '2016-09-09 12:07:47', 68),
(21, 0, 2, 0, '2016-09-09 12:07:53', 68),
(22, 0, 1, 0, '2016-09-09 12:07:55', 68),
(26, 0, 1, 0, '2016-09-09 12:07:55', 68),
(21, 0, 2, 0, '2016-09-09 12:07:56', 68),
(21, 0, 2, 0, '2016-09-09 12:07:57', 68),
(20, 0, 2, 0, '2016-09-09 12:08:04', 68),
(27, 0, 1, 0, '2016-09-09 12:08:05', 68),
(20, 0, 2, 0, '2016-09-09 12:08:07', 68),
(20, 0, 2, 0, '2016-09-09 12:08:08', 68),
(21, 0, 2, 0, '2016-09-09 12:08:14', 68),
(21, 0, 2, 0, '2016-09-09 12:08:17', 68),
(21, 0, 2, 0, '2016-09-09 12:08:18', 68),
(20, 0, 2, 0, '2016-09-09 12:08:25', 68),
(20, 0, 2, 0, '2016-09-09 12:08:28', 68),
(20, 0, 2, 0, '2016-09-09 12:08:29', 68),
(21, 0, 2, 0, '2016-09-09 12:08:35', 68),
(21, 0, 2, 0, '2016-09-09 12:08:38', 68),
(21, 0, 2, 0, '2016-09-09 12:08:39', 68),
(20, 0, 2, 0, '2016-09-09 12:08:46', 68),
(20, 0, 2, 0, '2016-09-09 12:08:49', 68),
(20, 0, 2, 0, '2016-09-09 12:08:50', 68),
(21, 0, 2, 0, '2016-09-09 12:08:56', 68),
(21, 0, 2, 0, '2016-09-09 12:08:59', 68),
(21, 0, 2, 0, '2016-09-09 12:09:00', 68),
(18, 0, 1, 0, '2016-09-09 12:09:06', 68),
(20, 0, 2, 0, '2016-09-09 12:09:07', 68),
(20, 0, 2, 0, '2016-09-09 12:09:10', 68),
(20, 0, 2, 0, '2016-09-09 12:09:11', 68),
(22, 0, 1, 0, '2016-09-09 12:09:17', 68),
(26, 0, 1, 0, '2016-09-09 12:09:17', 68),
(21, 0, 2, 0, '2016-09-09 12:09:17', 68),
(21, 0, 2, 0, '2016-09-09 12:09:20', 68),
(21, 0, 2, 0, '2016-09-09 12:09:21', 68),
(27, 0, 1, 0, '2016-09-09 12:09:27', 68),
(20, 0, 2, 0, '2016-09-09 12:09:28', 68),
(20, 0, 2, 0, '2016-09-09 12:09:31', 68),
(20, 0, 2, 0, '2016-09-09 12:09:32', 68),
(21, 0, 2, 0, '2016-09-09 12:09:38', 68),
(21, 0, 2, 0, '2016-09-09 12:09:41', 68),
(21, 0, 2, 0, '2016-09-09 12:09:42', 68),
(20, 0, 2, 0, '2016-09-09 12:09:49', 68),
(20, 0, 2, 0, '2016-09-09 12:09:52', 68),
(20, 0, 2, 0, '2016-09-09 12:09:53', 68),
(21, 0, 2, 0, '2016-09-09 12:09:59', 68),
(21, 0, 2, 0, '2016-09-09 12:10:02', 68),
(21, 0, 2, 0, '2016-09-09 12:10:03', 68),
(20, 0, 2, 0, '2016-09-09 12:10:10', 68),
(20, 0, 2, 0, '2016-09-09 12:10:13', 68),
(20, 0, 2, 0, '2016-09-09 12:10:14', 68),
(21, 0, 2, 0, '2016-09-09 12:10:20', 68),
(21, 0, 2, 0, '2016-09-09 12:10:23', 68),
(21, 0, 2, 0, '2016-09-09 12:10:24', 68),
(18, 0, 1, 0, '2016-09-09 12:10:28', 68),
(20, 0, 2, 0, '2016-09-09 12:10:31', 68),
(20, 0, 2, 0, '2016-09-09 12:10:34', 68),
(20, 0, 2, 0, '2016-09-09 12:10:35', 68),
(22, 0, 1, 0, '2016-09-09 12:10:39', 68),
(26, 0, 1, 0, '2016-09-09 12:10:39', 68),
(21, 0, 2, 0, '2016-09-09 12:10:41', 68),
(21, 0, 2, 0, '2016-09-09 12:10:44', 68),
(21, 0, 2, 0, '2016-09-09 12:10:45', 68),
(27, 0, 1, 0, '2016-09-09 12:10:49', 68),
(20, 0, 2, 0, '2016-09-09 12:10:52', 68),
(20, 0, 2, 0, '2016-09-09 12:10:55', 68),
(20, 0, 2, 0, '2016-09-09 12:10:56', 68),
(21, 0, 2, 0, '2016-09-09 12:11:02', 68),
(21, 0, 2, 0, '2016-09-09 12:11:05', 68),
(21, 0, 2, 0, '2016-09-09 12:11:06', 68),
(20, 0, 2, 0, '2016-09-09 12:11:13', 68),
(20, 0, 2, 0, '2016-09-09 12:11:16', 68),
(20, 0, 2, 0, '2016-09-09 12:11:17', 68),
(21, 0, 2, 0, '2016-09-09 12:11:23', 68),
(21, 0, 2, 0, '2016-09-09 12:11:26', 68),
(21, 0, 2, 0, '2016-09-09 12:11:27', 68),
(20, 0, 2, 0, '2016-09-09 12:11:34', 68),
(20, 0, 2, 0, '2016-09-09 12:11:37', 68),
(20, 0, 2, 0, '2016-09-09 12:11:38', 68),
(21, 0, 2, 0, '2016-09-09 12:11:44', 68),
(21, 0, 2, 0, '2016-09-09 12:11:47', 68),
(21, 0, 2, 0, '2016-09-09 12:11:48', 68),
(18, 0, 1, 0, '2016-09-09 12:11:50', 68),
(20, 0, 2, 0, '2016-09-09 12:11:55', 68),
(20, 0, 2, 0, '2016-09-09 12:11:58', 68),
(20, 0, 2, 0, '2016-09-09 12:11:59', 68),
(22, 0, 1, 0, '2016-09-09 12:12:01', 68),
(26, 0, 1, 0, '2016-09-09 12:12:01', 68),
(21, 0, 2, 0, '2016-09-09 12:12:05', 68),
(21, 0, 2, 0, '2016-09-09 12:12:08', 68),
(21, 0, 2, 0, '2016-09-09 12:12:09', 68),
(27, 0, 1, 0, '2016-09-09 12:12:11', 68),
(20, 0, 2, 0, '2016-09-09 12:12:16', 68),
(20, 0, 2, 0, '2016-09-09 12:12:19', 68),
(20, 0, 2, 0, '2016-09-09 12:12:20', 68),
(21, 0, 2, 0, '2016-09-09 12:12:26', 68),
(21, 0, 2, 0, '2016-09-09 12:12:29', 68),
(21, 0, 2, 0, '2016-09-09 12:12:30', 68),
(20, 0, 2, 0, '2016-09-09 12:12:37', 68),
(20, 0, 2, 0, '2016-09-09 12:12:40', 68),
(20, 0, 2, 0, '2016-09-09 12:12:41', 68),
(21, 0, 2, 0, '2016-09-09 12:12:47', 68),
(21, 0, 2, 0, '2016-09-09 12:12:50', 68),
(21, 0, 2, 0, '2016-09-09 12:12:51', 68),
(20, 0, 2, 0, '2016-09-09 12:12:58', 68),
(20, 0, 2, 0, '2016-09-09 12:13:01', 68),
(20, 0, 2, 0, '2016-09-09 12:13:02', 68),
(21, 0, 2, 0, '2016-09-09 12:13:08', 68),
(21, 0, 2, 0, '2016-09-09 12:13:11', 68),
(18, 0, 1, 0, '2016-09-09 12:13:12', 68),
(21, 0, 2, 0, '2016-09-09 12:13:12', 68),
(20, 0, 2, 0, '2016-09-09 12:13:19', 68),
(20, 0, 2, 0, '2016-09-09 12:13:22', 68),
(22, 0, 1, 0, '2016-09-09 12:13:23', 68),
(26, 0, 1, 0, '2016-09-09 12:13:23', 68),
(20, 0, 2, 0, '2016-09-09 12:13:23', 68),
(21, 0, 2, 0, '2016-09-09 12:13:29', 68),
(21, 0, 2, 0, '2016-09-09 12:13:32', 68),
(27, 0, 1, 0, '2016-09-09 12:13:33', 68),
(21, 0, 2, 0, '2016-09-09 12:13:33', 68),
(20, 0, 2, 0, '2016-09-09 12:13:40', 68),
(20, 0, 2, 0, '2016-09-09 12:13:43', 68),
(20, 0, 2, 0, '2016-09-09 12:13:45', 68),
(21, 0, 2, 0, '2016-09-09 12:13:50', 68),
(21, 0, 2, 0, '2016-09-09 12:13:53', 68),
(21, 0, 2, 0, '2016-09-09 12:13:55', 68),
(20, 0, 2, 0, '2016-09-09 12:14:01', 68),
(20, 0, 2, 0, '2016-09-09 12:14:04', 68),
(20, 0, 2, 0, '2016-09-09 12:14:06', 68),
(21, 0, 2, 0, '2016-09-09 12:14:11', 68),
(21, 0, 2, 0, '2016-09-09 12:14:14', 68),
(21, 0, 2, 0, '2016-09-09 12:14:16', 68),
(20, 0, 2, 0, '2016-09-09 12:14:22', 68),
(20, 0, 2, 0, '2016-09-09 12:14:25', 68),
(20, 0, 2, 0, '2016-09-09 12:14:27', 68),
(21, 0, 2, 0, '2016-09-09 12:14:32', 68),
(18, 0, 1, 0, '2016-09-09 12:14:33', 68),
(21, 0, 2, 0, '2016-09-09 12:14:35', 68),
(21, 0, 2, 0, '2016-09-09 12:14:37', 68),
(20, 0, 2, 0, '2016-09-09 12:14:42', 68),
(22, 0, 1, 0, '2016-09-09 12:14:44', 68),
(26, 0, 1, 0, '2016-09-09 12:14:44', 68),
(20, 0, 2, 0, '2016-09-09 12:14:45', 68),
(20, 0, 2, 0, '2016-09-09 12:14:47', 68),
(21, 0, 2, 0, '2016-09-09 12:14:52', 68),
(27, 0, 1, 0, '2016-09-09 12:14:54', 68),
(21, 0, 2, 0, '2016-09-09 12:14:55', 68),
(21, 0, 2, 0, '2016-09-09 12:14:57', 68),
(20, 0, 2, 0, '2016-09-09 12:15:03', 68),
(20, 0, 2, 0, '2016-09-09 12:15:06', 68),
(20, 0, 2, 0, '2016-09-09 12:15:07', 68),
(21, 0, 2, 0, '2016-09-09 12:15:13', 68),
(21, 0, 2, 0, '2016-09-09 12:15:16', 68),
(21, 0, 2, 0, '2016-09-09 12:15:17', 68),
(20, 0, 2, 0, '2016-09-09 12:15:23', 68),
(20, 0, 2, 0, '2016-09-09 12:15:26', 68),
(20, 0, 2, 0, '2016-09-09 12:15:28', 68),
(21, 0, 2, 0, '2016-09-09 12:15:33', 68),
(21, 0, 2, 0, '2016-09-09 12:15:36', 68),
(21, 0, 2, 0, '2016-09-09 12:15:38', 68),
(20, 0, 2, 0, '2016-09-09 12:15:43', 68),
(20, 0, 2, 0, '2016-09-09 12:15:46', 68),
(20, 0, 2, 0, '2016-09-09 12:15:48', 68),
(21, 0, 2, 0, '2016-09-09 12:15:53', 68),
(18, 0, 1, 0, '2016-09-09 12:15:54', 68),
(21, 0, 2, 0, '2016-09-09 12:15:56', 68),
(21, 0, 2, 0, '2016-09-09 12:15:58', 68),
(20, 0, 2, 0, '2016-09-09 12:16:04', 68),
(22, 0, 1, 0, '2016-09-09 12:16:04', 68),
(26, 0, 1, 0, '2016-09-09 12:16:04', 68),
(20, 0, 2, 0, '2016-09-09 12:16:06', 68),
(20, 0, 2, 0, '2016-09-09 12:16:08', 68),
(21, 0, 2, 0, '2016-09-09 12:16:14', 68),
(27, 0, 1, 0, '2016-09-09 12:16:14', 68),
(21, 0, 2, 0, '2016-09-09 12:16:16', 68),
(21, 0, 2, 0, '2016-09-09 12:16:18', 68),
(20, 0, 2, 0, '2016-09-09 12:16:25', 68),
(20, 0, 2, 0, '2016-09-09 12:16:27', 68),
(20, 0, 2, 0, '2016-09-09 12:16:29', 68),
(21, 0, 2, 0, '2016-09-09 12:16:35', 68),
(21, 0, 2, 0, '2016-09-09 12:16:37', 68),
(21, 0, 2, 0, '2016-09-09 12:16:39', 68),
(20, 0, 2, 0, '2016-09-09 12:16:45', 68),
(20, 0, 2, 0, '2016-09-09 12:16:47', 68),
(20, 0, 2, 0, '2016-09-09 12:16:49', 68),
(21, 0, 2, 0, '2016-09-09 12:16:55', 68),
(21, 0, 2, 0, '2016-09-09 12:16:57', 68),
(21, 0, 2, 0, '2016-09-09 12:16:59', 68),
(20, 0, 2, 0, '2016-09-09 12:17:05', 68),
(20, 0, 2, 0, '2016-09-09 12:17:07', 68),
(20, 0, 2, 0, '2016-09-09 12:17:09', 68),
(18, 0, 1, 0, '2016-09-09 12:17:14', 68),
(21, 0, 2, 0, '2016-09-09 12:17:15', 68),
(21, 0, 2, 0, '2016-09-09 12:17:17', 68),
(21, 0, 2, 0, '2016-09-09 12:17:19', 68),
(22, 0, 1, 0, '2016-09-09 12:17:24', 68),
(26, 0, 1, 0, '2016-09-09 12:17:24', 68),
(20, 0, 2, 0, '2016-09-09 12:17:26', 68),
(20, 0, 2, 0, '2016-09-09 12:17:28', 68),
(20, 0, 2, 0, '2016-09-09 12:17:30', 68),
(27, 0, 1, 0, '2016-09-09 12:17:34', 68),
(21, 0, 2, 0, '2016-09-09 12:17:36', 68),
(21, 0, 2, 0, '2016-09-09 12:17:38', 68),
(21, 0, 2, 0, '2016-09-09 12:17:40', 68),
(20, 0, 2, 0, '2016-09-09 12:17:46', 68),
(20, 0, 2, 0, '2016-09-09 12:17:48', 68),
(20, 0, 2, 0, '2016-09-09 12:17:50', 68),
(21, 0, 2, 0, '2016-09-09 12:17:56', 68),
(21, 0, 2, 0, '2016-09-09 12:17:58', 68),
(21, 0, 2, 0, '2016-09-09 12:18:00', 68),
(20, 0, 2, 0, '2016-09-09 12:18:06', 68),
(20, 0, 2, 0, '2016-09-09 12:18:09', 68),
(20, 0, 2, 0, '2016-09-09 12:18:10', 68),
(21, 0, 2, 0, '2016-09-09 12:18:16', 68),
(21, 0, 2, 0, '2016-09-09 12:18:19', 68),
(21, 0, 2, 0, '2016-09-09 12:18:20', 68),
(20, 0, 2, 0, '2016-09-09 12:18:27', 68),
(20, 0, 2, 0, '2016-09-09 12:18:29', 68),
(20, 0, 2, 0, '2016-09-09 12:18:31', 68),
(18, 0, 1, 0, '2016-09-09 12:18:34', 68),
(21, 0, 2, 0, '2016-09-09 12:18:37', 68),
(21, 0, 2, 0, '2016-09-09 12:18:39', 68),
(21, 0, 2, 0, '2016-09-09 12:18:41', 68),
(22, 0, 1, 0, '2016-09-09 12:18:44', 68),
(26, 0, 1, 0, '2016-09-09 12:18:44', 68),
(20, 0, 2, 0, '2016-09-09 12:18:47', 68),
(20, 0, 2, 0, '2016-09-09 12:18:49', 68),
(20, 0, 2, 0, '2016-09-09 12:18:51', 68),
(27, 0, 1, 0, '2016-09-09 12:18:54', 68),
(21, 0, 2, 0, '2016-09-09 12:18:57', 68),
(21, 0, 2, 0, '2016-09-09 12:18:59', 68),
(21, 0, 2, 0, '2016-09-09 12:19:01', 68),
(18, 0, 1, 0, '2016-09-09 12:19:16', 68),
(21, 0, 2, 0, '2016-09-09 12:19:16', 68),
(21, 0, 2, 0, '2016-09-09 12:19:16', 68),
(21, 0, 2, 0, '2016-09-09 12:19:16', 68),
(22, 0, 1, 0, '2016-09-09 12:19:26', 68),
(26, 0, 1, 0, '2016-09-09 12:19:26', 68),
(20, 0, 2, 0, '2016-09-09 12:19:27', 68),
(20, 0, 2, 0, '2016-09-09 12:19:27', 68),
(20, 0, 2, 0, '2016-09-09 12:19:27', 68),
(27, 0, 1, 0, '2016-09-09 12:19:36', 68),
(21, 0, 2, 0, '2016-09-09 12:19:37', 68),
(21, 0, 2, 0, '2016-09-09 12:19:37', 68),
(21, 0, 2, 0, '2016-09-09 12:19:38', 68),
(20, 0, 2, 0, '2016-09-09 12:19:48', 68),
(20, 0, 2, 0, '2016-09-09 12:19:48', 68),
(20, 0, 2, 0, '2016-09-09 12:19:48', 68),
(21, 0, 2, 0, '2016-09-09 12:19:58', 68),
(21, 0, 2, 0, '2016-09-09 12:19:58', 68),
(21, 0, 2, 0, '2016-09-09 12:19:58', 68),
(20, 0, 2, 0, '2016-09-09 12:20:08', 68),
(20, 0, 2, 0, '2016-09-09 12:20:08', 68),
(20, 0, 2, 0, '2016-09-09 12:20:08', 68),
(21, 0, 2, 0, '2016-09-09 12:20:18', 68),
(21, 0, 2, 0, '2016-09-09 12:20:18', 68),
(21, 0, 2, 0, '2016-09-09 12:20:18', 68),
(20, 0, 2, 0, '2016-09-09 12:20:28', 68),
(20, 0, 2, 0, '2016-09-09 12:20:29', 68),
(20, 0, 2, 0, '2016-09-09 12:20:29', 68),
(18, 0, 1, 0, '2016-09-09 12:20:36', 68),
(21, 0, 2, 0, '2016-09-09 12:20:38', 68),
(21, 0, 2, 0, '2016-09-09 12:20:39', 68),
(21, 0, 2, 0, '2016-09-09 12:20:39', 68),
(22, 0, 1, 0, '2016-09-09 12:20:47', 68),
(26, 0, 1, 0, '2016-09-09 12:20:47', 68),
(20, 0, 2, 0, '2016-09-09 12:20:49', 68),
(20, 0, 2, 0, '2016-09-09 12:20:49', 68),
(20, 0, 2, 0, '2016-09-09 12:20:49', 68);
INSERT INTO `media_logs` (`media_id`, `schedule_id`, `campaign_id`, `publisher_id`, `logdate`, `screen_id`) VALUES
(27, 0, 1, 0, '2016-09-09 12:20:57', 68),
(21, 0, 2, 0, '2016-09-09 12:20:59', 68),
(21, 0, 2, 0, '2016-09-09 12:20:59', 68),
(21, 0, 2, 0, '2016-09-09 12:20:59', 68),
(20, 0, 2, 0, '2016-09-09 12:21:09', 68),
(20, 0, 2, 0, '2016-09-09 12:21:10', 68),
(20, 0, 2, 0, '2016-09-09 12:21:10', 68),
(21, 0, 2, 0, '2016-09-09 12:21:19', 68),
(21, 0, 2, 0, '2016-09-09 12:21:20', 68),
(21, 0, 2, 0, '2016-09-09 12:21:20', 68),
(20, 0, 2, 0, '2016-09-09 12:21:30', 68),
(20, 0, 2, 0, '2016-09-09 12:21:30', 68),
(20, 0, 2, 0, '2016-09-09 12:21:30', 68),
(21, 0, 2, 0, '2016-09-09 12:21:40', 68),
(21, 0, 2, 0, '2016-09-09 12:21:40', 68),
(21, 0, 2, 0, '2016-09-09 12:21:40', 68),
(20, 0, 2, 0, '2016-09-09 12:21:50', 68),
(20, 0, 2, 0, '2016-09-09 12:21:50', 68),
(20, 0, 2, 0, '2016-09-09 12:21:50', 68),
(18, 0, 1, 0, '2016-09-09 12:21:57', 68),
(21, 0, 2, 0, '2016-09-09 12:22:00', 68),
(21, 0, 2, 0, '2016-09-09 12:22:00', 68),
(21, 0, 2, 0, '2016-09-09 12:22:00', 68),
(22, 0, 1, 0, '2016-09-09 12:22:07', 68),
(26, 0, 1, 0, '2016-09-09 12:22:07', 68),
(20, 0, 2, 0, '2016-09-09 12:22:10', 68),
(20, 0, 2, 0, '2016-09-09 12:22:11', 68),
(20, 0, 2, 0, '2016-09-09 12:22:11', 68),
(27, 0, 1, 0, '2016-09-09 12:22:17', 68),
(21, 0, 2, 0, '2016-09-09 12:22:20', 68),
(21, 0, 2, 0, '2016-09-09 12:22:21', 68),
(21, 0, 2, 0, '2016-09-09 12:22:21', 68),
(20, 0, 2, 0, '2016-09-09 12:22:31', 68),
(20, 0, 2, 0, '2016-09-09 12:22:32', 68),
(20, 0, 2, 0, '2016-09-09 12:22:32', 68),
(21, 0, 2, 0, '2016-09-09 12:22:41', 68),
(21, 0, 2, 0, '2016-09-09 12:22:42', 68),
(21, 0, 2, 0, '2016-09-09 12:22:42', 68),
(20, 0, 2, 0, '2016-09-09 12:22:51', 68),
(20, 0, 2, 0, '2016-09-09 12:22:52', 68),
(20, 0, 2, 0, '2016-09-09 12:22:52', 68),
(21, 0, 2, 0, '2016-09-09 12:23:01', 68),
(21, 0, 2, 0, '2016-09-09 12:23:02', 68),
(21, 0, 2, 0, '2016-09-09 12:23:02', 68),
(20, 0, 2, 0, '2016-09-09 12:23:11', 68),
(20, 0, 2, 0, '2016-09-09 12:23:12', 68),
(20, 0, 2, 0, '2016-09-09 12:23:13', 68),
(18, 0, 1, 0, '2016-09-09 12:23:17', 68),
(21, 0, 2, 0, '2016-09-09 12:23:21', 68),
(21, 0, 2, 0, '2016-09-09 12:23:22', 68),
(21, 0, 2, 0, '2016-09-09 12:23:23', 68),
(22, 0, 1, 0, '2016-09-09 12:23:27', 68),
(26, 0, 1, 0, '2016-09-09 12:23:27', 68),
(20, 0, 2, 0, '2016-09-09 12:23:32', 68),
(20, 0, 2, 0, '2016-09-09 12:23:33', 68),
(20, 0, 2, 0, '2016-09-09 12:23:33', 68),
(27, 0, 1, 0, '2016-09-09 12:23:37', 68),
(21, 0, 2, 0, '2016-09-09 12:23:42', 68),
(21, 0, 2, 0, '2016-09-09 12:23:43', 68),
(21, 0, 2, 0, '2016-09-09 12:23:43', 68),
(20, 0, 2, 0, '2016-09-09 12:23:52', 68),
(20, 0, 2, 0, '2016-09-09 12:23:53', 68),
(20, 0, 2, 0, '2016-09-09 12:23:53', 68),
(21, 0, 2, 0, '2016-09-09 12:24:02', 68),
(21, 0, 2, 0, '2016-09-09 12:24:03', 68),
(21, 0, 2, 0, '2016-09-09 12:24:03', 68),
(20, 0, 2, 0, '2016-09-09 12:24:13', 68),
(20, 0, 2, 0, '2016-09-09 12:24:13', 68),
(20, 0, 2, 0, '2016-09-09 12:24:14', 68),
(21, 0, 2, 0, '2016-09-09 12:24:23', 68),
(21, 0, 2, 0, '2016-09-09 12:24:23', 68),
(21, 0, 2, 0, '2016-09-09 12:24:24', 68),
(20, 0, 2, 0, '2016-09-09 12:24:33', 68),
(20, 0, 2, 0, '2016-09-09 12:24:34', 68),
(20, 0, 2, 0, '2016-09-09 12:24:34', 68),
(18, 0, 1, 0, '2016-09-09 12:24:37', 68),
(21, 0, 2, 0, '2016-09-09 12:24:43', 68),
(21, 0, 2, 0, '2016-09-09 12:24:44', 68),
(21, 0, 2, 0, '2016-09-09 12:24:44', 68),
(22, 0, 1, 0, '2016-09-09 12:24:47', 68),
(26, 0, 1, 0, '2016-09-09 12:24:47', 68),
(20, 0, 2, 0, '2016-09-09 12:24:53', 68),
(20, 0, 2, 0, '2016-09-09 12:24:54', 68),
(20, 0, 2, 0, '2016-09-09 12:24:55', 68),
(27, 0, 1, 0, '2016-09-09 12:24:57', 68),
(21, 0, 2, 0, '2016-09-09 12:25:03', 68),
(21, 0, 2, 0, '2016-09-09 12:25:04', 68),
(21, 0, 2, 0, '2016-09-09 12:25:05', 68),
(20, 0, 2, 0, '2016-09-09 12:25:14', 68),
(20, 0, 2, 0, '2016-09-09 12:25:14', 68),
(20, 0, 2, 0, '2016-09-09 12:25:15', 68),
(21, 0, 2, 0, '2016-09-09 12:25:24', 68),
(21, 0, 2, 0, '2016-09-09 12:25:24', 68),
(21, 0, 2, 0, '2016-09-09 12:25:25', 68),
(20, 0, 2, 0, '2016-09-09 12:25:34', 68),
(20, 0, 2, 0, '2016-09-09 12:25:35', 68),
(20, 0, 2, 0, '2016-09-09 12:25:35', 68),
(21, 0, 2, 0, '2016-09-09 12:25:44', 68),
(21, 0, 2, 0, '2016-09-09 12:25:45', 68),
(21, 0, 2, 0, '2016-09-09 12:25:45', 68),
(20, 0, 2, 0, '2016-09-09 12:25:54', 68),
(20, 0, 2, 0, '2016-09-09 12:25:55', 68),
(20, 0, 2, 0, '2016-09-09 12:25:56', 68),
(18, 0, 1, 0, '2016-09-09 12:25:57', 68),
(21, 0, 2, 0, '2016-09-09 12:26:04', 68),
(21, 0, 2, 0, '2016-09-09 12:26:05', 68),
(21, 0, 2, 0, '2016-09-09 12:26:06', 68),
(22, 0, 1, 0, '2016-09-09 12:26:08', 68),
(26, 0, 1, 0, '2016-09-09 12:26:08', 68),
(20, 0, 2, 0, '2016-09-09 12:26:14', 68),
(20, 0, 2, 0, '2016-09-09 12:26:15', 68),
(20, 0, 2, 0, '2016-09-09 12:26:16', 68),
(27, 0, 1, 0, '2016-09-09 12:26:18', 68),
(21, 0, 2, 0, '2016-09-09 12:26:24', 68),
(21, 0, 2, 0, '2016-09-09 12:26:25', 68),
(21, 0, 2, 0, '2016-09-09 12:26:26', 68),
(20, 0, 2, 0, '2016-09-09 12:26:35', 68),
(20, 0, 2, 0, '2016-09-09 12:26:36', 68),
(20, 0, 2, 0, '2016-09-09 12:26:36', 68),
(21, 0, 2, 0, '2016-09-09 12:26:45', 68),
(21, 0, 2, 0, '2016-09-09 12:26:46', 68),
(21, 0, 2, 0, '2016-09-09 12:26:46', 68),
(20, 0, 2, 0, '2016-09-09 12:26:55', 68),
(20, 0, 2, 0, '2016-09-09 12:26:56', 68),
(20, 0, 2, 0, '2016-09-09 12:26:57', 68),
(21, 0, 2, 0, '2016-09-09 12:27:05', 68),
(21, 0, 2, 0, '2016-09-09 12:27:06', 68),
(21, 0, 2, 0, '2016-09-09 12:27:07', 68),
(20, 0, 2, 0, '2016-09-09 12:27:16', 68),
(20, 0, 2, 0, '2016-09-09 12:27:16', 68),
(20, 0, 2, 0, '2016-09-09 12:27:17', 68),
(18, 0, 1, 0, '2016-09-09 12:27:18', 68),
(21, 0, 2, 0, '2016-09-09 12:27:26', 68),
(21, 0, 2, 0, '2016-09-09 12:27:26', 68),
(21, 0, 2, 0, '2016-09-09 12:27:27', 68),
(22, 0, 1, 0, '2016-09-09 12:27:28', 68),
(26, 0, 1, 0, '2016-09-09 12:27:28', 68),
(20, 0, 2, 0, '2016-09-09 12:27:36', 68),
(20, 0, 2, 0, '2016-09-09 12:27:37', 68),
(20, 0, 2, 0, '2016-09-09 12:27:37', 68),
(27, 0, 1, 0, '2016-09-09 12:27:38', 68),
(21, 0, 2, 0, '2016-09-09 12:27:46', 68),
(21, 0, 2, 0, '2016-09-09 12:27:47', 68),
(21, 0, 2, 0, '2016-09-09 12:27:47', 68),
(20, 0, 2, 0, '2016-09-09 12:27:56', 68),
(20, 0, 2, 0, '2016-09-09 12:27:57', 68),
(20, 0, 2, 0, '2016-09-09 12:27:58', 68),
(21, 0, 2, 0, '2016-09-09 12:28:06', 68),
(21, 0, 2, 0, '2016-09-09 12:28:07', 68),
(21, 0, 2, 0, '2016-09-09 12:28:08', 68),
(20, 0, 2, 0, '2016-09-09 12:28:16', 68),
(20, 0, 2, 0, '2016-09-09 12:28:18', 68),
(20, 0, 2, 0, '2016-09-09 12:28:18', 68),
(21, 0, 2, 0, '2016-09-09 12:28:26', 68),
(21, 0, 2, 0, '2016-09-09 12:28:28', 68),
(21, 0, 2, 0, '2016-09-09 12:28:28', 68),
(20, 0, 2, 0, '2016-09-09 12:28:37', 68),
(20, 0, 2, 0, '2016-09-09 12:28:38', 68),
(18, 0, 1, 0, '2016-09-09 12:28:38', 68),
(20, 0, 2, 0, '2016-09-09 12:28:38', 68),
(21, 0, 2, 0, '2016-09-09 12:28:47', 68),
(21, 0, 2, 0, '2016-09-09 12:28:48', 68),
(22, 0, 1, 0, '2016-09-09 12:28:48', 68),
(26, 0, 1, 0, '2016-09-09 12:28:48', 68),
(21, 0, 2, 0, '2016-09-09 12:28:49', 68),
(20, 0, 2, 0, '2016-09-09 12:28:57', 68),
(27, 0, 1, 0, '2016-09-09 12:28:58', 68),
(20, 0, 2, 0, '2016-09-09 12:28:58', 68),
(20, 0, 2, 0, '2016-09-09 12:29:00', 68),
(21, 0, 2, 0, '2016-09-09 12:29:07', 68),
(21, 0, 2, 0, '2016-09-09 12:29:08', 68),
(21, 0, 2, 0, '2016-09-09 12:29:10', 68),
(20, 0, 2, 0, '2016-09-09 12:29:17', 68),
(20, 0, 2, 0, '2016-09-09 12:29:19', 68),
(20, 0, 2, 0, '2016-09-09 12:29:20', 68),
(21, 0, 2, 0, '2016-09-09 12:29:27', 68),
(21, 0, 2, 0, '2016-09-09 12:29:29', 68),
(21, 0, 2, 0, '2016-09-09 12:29:30', 68),
(20, 0, 2, 0, '2016-09-09 12:29:38', 68),
(20, 0, 2, 0, '2016-09-09 12:29:39', 68),
(20, 0, 2, 0, '2016-09-09 12:29:40', 68),
(21, 0, 2, 0, '2016-09-09 12:29:48', 68),
(21, 0, 2, 0, '2016-09-09 12:29:49', 68),
(21, 0, 2, 0, '2016-09-09 12:29:51', 68),
(20, 0, 2, 0, '2016-09-09 12:29:58', 68),
(18, 0, 1, 0, '2016-09-09 12:29:58', 68),
(20, 0, 2, 0, '2016-09-09 12:29:59', 68),
(20, 0, 2, 0, '2016-09-09 12:30:01', 68),
(21, 0, 2, 0, '2016-09-09 12:30:08', 68),
(22, 0, 1, 0, '2016-09-09 12:30:08', 68),
(26, 0, 1, 0, '2016-09-09 12:30:08', 68),
(21, 0, 2, 0, '2016-09-09 12:30:09', 68),
(21, 0, 2, 0, '2016-09-09 12:30:11', 68),
(20, 0, 2, 0, '2016-09-09 12:30:18', 68),
(27, 0, 1, 0, '2016-09-09 12:30:18', 68),
(20, 0, 2, 0, '2016-09-09 12:30:20', 68),
(20, 0, 2, 0, '2016-09-09 12:30:21', 68),
(21, 0, 2, 0, '2016-09-09 12:30:28', 68),
(21, 0, 2, 0, '2016-09-09 12:30:30', 68),
(21, 0, 2, 0, '2016-09-09 12:30:31', 68),
(20, 0, 2, 0, '2016-09-09 12:30:39', 68),
(20, 0, 2, 0, '2016-09-09 12:30:40', 68),
(20, 0, 2, 0, '2016-09-09 12:30:42', 68),
(21, 0, 2, 0, '2016-09-09 12:30:49', 68),
(21, 0, 2, 0, '2016-09-09 12:30:50', 68),
(21, 0, 2, 0, '2016-09-09 12:30:52', 68),
(20, 0, 2, 0, '2016-09-09 12:30:59', 68),
(20, 0, 2, 0, '2016-09-09 12:31:01', 68),
(20, 0, 2, 0, '2016-09-09 12:31:02', 68),
(21, 0, 2, 0, '2016-09-09 12:31:09', 68),
(21, 0, 2, 0, '2016-09-09 12:31:11', 68),
(21, 0, 2, 0, '2016-09-09 12:31:12', 68),
(18, 0, 1, 0, '2016-09-09 12:31:19', 68),
(20, 0, 2, 0, '2016-09-09 12:31:19', 68),
(20, 0, 2, 0, '2016-09-09 12:31:21', 68),
(20, 0, 2, 0, '2016-09-09 12:31:23', 68),
(22, 0, 1, 0, '2016-09-09 12:31:29', 68),
(26, 0, 1, 0, '2016-09-09 12:31:29', 68),
(21, 0, 2, 0, '2016-09-09 12:31:29', 68),
(21, 0, 2, 0, '2016-09-09 12:31:31', 68),
(21, 0, 2, 0, '2016-09-09 12:31:33', 68),
(27, 0, 1, 0, '2016-09-09 12:31:39', 68),
(20, 0, 2, 0, '2016-09-09 12:31:40', 68),
(20, 0, 2, 0, '2016-09-09 12:31:41', 68),
(20, 0, 2, 0, '2016-09-09 12:31:43', 68),
(21, 0, 2, 0, '2016-09-09 12:31:50', 68),
(21, 0, 2, 0, '2016-09-09 12:31:51', 68),
(21, 0, 2, 0, '2016-09-09 12:31:53', 68),
(20, 0, 2, 0, '2016-09-09 12:32:00', 68),
(20, 0, 2, 0, '2016-09-09 12:32:02', 68),
(20, 0, 2, 0, '2016-09-09 12:32:03', 68),
(21, 0, 2, 0, '2016-09-09 12:32:10', 68),
(21, 0, 2, 0, '2016-09-09 12:32:12', 68),
(21, 0, 2, 0, '2016-09-09 12:32:13', 68),
(20, 0, 2, 0, '2016-09-09 12:32:20', 68),
(20, 0, 2, 0, '2016-09-09 12:32:22', 68),
(20, 0, 2, 0, '2016-09-09 12:32:24', 68),
(21, 0, 2, 0, '2016-09-09 12:32:30', 68),
(21, 0, 2, 0, '2016-09-09 12:32:32', 68),
(21, 0, 2, 0, '2016-09-09 12:32:34', 68),
(18, 0, 1, 0, '2016-09-09 12:32:39', 68),
(20, 0, 2, 0, '2016-09-09 12:32:41', 68),
(20, 0, 2, 0, '2016-09-09 12:32:42', 68),
(20, 0, 2, 0, '2016-09-09 12:32:44', 68),
(22, 0, 1, 0, '2016-09-09 12:32:49', 68),
(26, 0, 1, 0, '2016-09-09 12:32:49', 68),
(21, 0, 2, 0, '2016-09-09 12:32:51', 68),
(21, 0, 2, 0, '2016-09-09 12:32:52', 68),
(21, 0, 2, 0, '2016-09-09 12:32:54', 68),
(27, 0, 1, 0, '2016-09-09 12:32:59', 68),
(20, 0, 2, 0, '2016-09-09 12:33:01', 68),
(20, 0, 2, 0, '2016-09-09 12:33:03', 68),
(20, 0, 2, 0, '2016-09-09 12:33:05', 68),
(21, 0, 2, 0, '2016-09-09 12:33:11', 68),
(21, 0, 2, 0, '2016-09-09 12:33:13', 68),
(21, 0, 2, 0, '2016-09-09 12:33:15', 68),
(20, 0, 2, 0, '2016-09-09 12:33:21', 68),
(20, 0, 2, 0, '2016-09-09 12:33:23', 68),
(20, 0, 2, 0, '2016-09-09 12:33:25', 68),
(21, 0, 2, 0, '2016-09-09 12:33:31', 68),
(21, 0, 2, 0, '2016-09-09 12:33:33', 68),
(21, 0, 2, 0, '2016-09-09 12:33:35', 68),
(20, 0, 2, 0, '2016-09-09 12:33:42', 68),
(20, 0, 2, 0, '2016-09-09 12:33:43', 68),
(20, 0, 2, 0, '2016-09-09 12:33:45', 68),
(21, 0, 2, 0, '2016-09-09 12:33:52', 68),
(21, 0, 2, 0, '2016-09-09 12:33:53', 68),
(21, 0, 2, 0, '2016-09-09 12:33:55', 68),
(18, 0, 1, 0, '2016-09-09 12:33:59', 68),
(20, 0, 2, 0, '2016-09-09 12:34:02', 68),
(20, 0, 2, 0, '2016-09-09 12:34:04', 68),
(20, 0, 2, 0, '2016-09-09 12:34:05', 68),
(22, 0, 1, 0, '2016-09-09 12:34:09', 68),
(26, 0, 1, 0, '2016-09-09 12:34:09', 68),
(21, 0, 2, 0, '2016-09-09 12:34:12', 68),
(21, 0, 2, 0, '2016-09-09 12:34:14', 68),
(21, 0, 2, 0, '2016-09-09 12:34:15', 68),
(27, 0, 1, 0, '2016-09-09 12:34:19', 68),
(20, 0, 2, 0, '2016-09-09 12:34:23', 68),
(20, 0, 2, 0, '2016-09-09 12:34:25', 68),
(20, 0, 2, 0, '2016-09-09 12:34:26', 68),
(21, 0, 2, 0, '2016-09-09 12:34:33', 68),
(21, 0, 2, 0, '2016-09-09 12:34:35', 68),
(21, 0, 2, 0, '2016-09-09 12:34:36', 68),
(20, 0, 2, 0, '2016-09-09 12:34:43', 68),
(20, 0, 2, 0, '2016-09-09 12:34:45', 68),
(20, 0, 2, 0, '2016-09-09 12:34:46', 68),
(21, 0, 2, 0, '2016-09-09 12:34:53', 68),
(21, 0, 2, 0, '2016-09-09 12:34:55', 68),
(21, 0, 2, 0, '2016-09-09 12:34:56', 68),
(20, 0, 2, 0, '2016-09-09 12:35:03', 68),
(20, 0, 2, 0, '2016-09-09 12:35:06', 68),
(20, 0, 2, 0, '2016-09-09 12:35:07', 68),
(21, 0, 2, 0, '2016-09-09 12:35:13', 68),
(21, 0, 2, 0, '2016-09-09 12:35:16', 68),
(21, 0, 2, 0, '2016-09-09 12:35:17', 68),
(18, 0, 1, 0, '2016-09-09 12:35:19', 68),
(20, 0, 2, 0, '2016-09-09 12:35:24', 68),
(20, 0, 2, 0, '2016-09-09 12:35:26', 68),
(20, 0, 2, 0, '2016-09-09 12:35:27', 68),
(22, 0, 1, 0, '2016-09-09 12:35:30', 68),
(26, 0, 1, 0, '2016-09-09 12:35:30', 68),
(21, 0, 2, 0, '2016-09-09 12:35:34', 68),
(21, 0, 2, 0, '2016-09-09 12:35:36', 68),
(21, 0, 2, 0, '2016-09-09 12:35:37', 68),
(27, 0, 1, 0, '2016-09-09 12:35:40', 68),
(20, 0, 2, 0, '2016-09-09 12:35:45', 68),
(20, 0, 2, 0, '2016-09-09 12:35:46', 68),
(20, 0, 2, 0, '2016-09-09 12:35:47', 68),
(21, 0, 2, 0, '2016-09-09 12:35:55', 68),
(21, 0, 2, 0, '2016-09-09 12:35:56', 68),
(21, 0, 2, 0, '2016-09-09 12:35:57', 68),
(20, 0, 2, 0, '2016-09-09 12:36:05', 68),
(20, 0, 2, 0, '2016-09-09 12:36:07', 68),
(20, 0, 2, 0, '2016-09-09 12:36:08', 68),
(21, 0, 2, 0, '2016-09-09 12:36:15', 68),
(21, 0, 2, 0, '2016-09-09 12:36:17', 68),
(21, 0, 2, 0, '2016-09-09 12:36:18', 68),
(20, 0, 2, 0, '2016-09-09 12:36:25', 68),
(20, 0, 2, 0, '2016-09-09 12:36:27', 68),
(20, 0, 2, 0, '2016-09-09 12:36:28', 68),
(18, 0, 1, 0, '2016-09-09 12:36:38', 68),
(21, 0, 2, 0, '2016-09-09 12:36:38', 68),
(21, 0, 2, 0, '2016-09-09 12:36:38', 68),
(21, 0, 2, 0, '2016-09-09 12:36:38', 68),
(22, 0, 1, 0, '2016-09-09 12:36:48', 68),
(26, 0, 1, 0, '2016-09-09 12:36:49', 68),
(20, 0, 2, 0, '2016-09-09 12:36:49', 68),
(20, 0, 2, 0, '2016-09-09 12:36:49', 68),
(20, 0, 2, 0, '2016-09-09 12:36:49', 68),
(27, 0, 1, 0, '2016-09-09 12:36:58', 68),
(21, 0, 2, 0, '2016-09-09 12:36:59', 68),
(21, 0, 2, 0, '2016-09-09 12:36:59', 68),
(21, 0, 2, 0, '2016-09-09 12:36:59', 68),
(20, 0, 2, 0, '2016-09-09 12:37:10', 68),
(20, 0, 2, 0, '2016-09-09 12:37:10', 68),
(20, 0, 2, 0, '2016-09-09 12:37:10', 68),
(21, 0, 2, 0, '2016-09-09 12:37:20', 68),
(21, 0, 2, 0, '2016-09-09 12:37:20', 68),
(21, 0, 2, 0, '2016-09-09 12:37:20', 68),
(20, 0, 2, 0, '2016-09-09 12:37:30', 68),
(20, 0, 2, 0, '2016-09-09 12:37:30', 68),
(20, 0, 2, 0, '2016-09-09 12:37:30', 68),
(21, 0, 2, 0, '2016-09-09 12:37:40', 68),
(21, 0, 2, 0, '2016-09-09 12:37:40', 68),
(21, 0, 2, 0, '2016-09-09 12:37:40', 68),
(20, 0, 2, 0, '2016-09-09 12:37:51', 68),
(20, 0, 2, 0, '2016-09-09 12:37:51', 68),
(20, 0, 2, 0, '2016-09-09 12:37:51', 68),
(18, 0, 1, 0, '2016-09-09 12:37:59', 68),
(21, 0, 2, 0, '2016-09-09 12:38:01', 68),
(21, 0, 2, 0, '2016-09-09 12:38:01', 68),
(21, 0, 2, 0, '2016-09-09 12:38:01', 68),
(18, 0, 1, 0, '2016-09-09 12:38:09', 68),
(21, 0, 2, 0, '2016-09-09 12:38:09', 68),
(21, 0, 2, 0, '2016-09-09 12:38:09', 68),
(21, 0, 2, 0, '2016-09-09 12:38:09', 68),
(22, 0, 1, 0, '2016-09-09 12:38:19', 68),
(26, 0, 1, 0, '2016-09-09 12:38:19', 68),
(20, 0, 2, 0, '2016-09-09 12:38:19', 68),
(20, 0, 2, 0, '2016-09-09 12:38:19', 68),
(20, 0, 2, 0, '2016-09-09 12:38:20', 68),
(27, 0, 1, 0, '2016-09-09 12:38:29', 68),
(21, 0, 2, 0, '2016-09-09 12:38:30', 68),
(21, 0, 2, 0, '2016-09-09 12:38:30', 68),
(21, 0, 2, 0, '2016-09-09 12:38:30', 68),
(20, 0, 2, 0, '2016-09-09 12:38:41', 68),
(20, 0, 2, 0, '2016-09-09 12:38:41', 68),
(20, 0, 2, 0, '2016-09-09 12:38:41', 68),
(21, 0, 2, 0, '2016-09-09 12:38:51', 68),
(21, 0, 2, 0, '2016-09-09 12:38:51', 68),
(21, 0, 2, 0, '2016-09-09 12:38:51', 68),
(20, 0, 2, 0, '2016-09-09 12:39:01', 68),
(20, 0, 2, 0, '2016-09-09 12:39:01', 68),
(20, 0, 2, 0, '2016-09-09 12:39:01', 68),
(21, 0, 2, 0, '2016-09-09 12:39:11', 68),
(21, 0, 2, 0, '2016-09-09 12:39:11', 68),
(21, 0, 2, 0, '2016-09-09 12:39:11', 68),
(20, 0, 2, 0, '2016-09-09 12:39:21', 68),
(20, 0, 2, 0, '2016-09-09 12:39:22', 68),
(20, 0, 2, 0, '2016-09-09 12:39:22', 68),
(18, 0, 1, 0, '2016-09-09 12:39:29', 68),
(21, 0, 2, 0, '2016-09-09 12:39:31', 68),
(21, 0, 2, 0, '2016-09-09 12:39:32', 68),
(21, 0, 2, 0, '2016-09-09 12:39:32', 68),
(22, 0, 1, 0, '2016-09-09 12:39:39', 68),
(26, 0, 1, 0, '2016-09-09 12:39:40', 68),
(20, 0, 2, 0, '2016-09-09 12:39:42', 68),
(20, 0, 2, 0, '2016-09-09 12:39:42', 68),
(20, 0, 2, 0, '2016-09-09 12:39:42', 68),
(27, 0, 1, 0, '2016-09-09 12:39:49', 68),
(21, 0, 2, 0, '2016-09-09 12:39:52', 68),
(21, 0, 2, 0, '2016-09-09 12:39:52', 68),
(21, 0, 2, 0, '2016-09-09 12:39:52', 68),
(20, 0, 2, 0, '2016-09-09 12:40:02', 68),
(20, 0, 2, 0, '2016-09-09 12:40:02', 68),
(20, 0, 2, 0, '2016-09-09 12:40:02', 68),
(21, 0, 2, 0, '2016-09-09 12:40:12', 68),
(21, 0, 2, 0, '2016-09-09 12:40:12', 68),
(21, 0, 2, 0, '2016-09-09 12:40:12', 68),
(20, 0, 2, 0, '2016-09-09 12:40:22', 68),
(20, 0, 2, 0, '2016-09-09 12:40:23', 68),
(20, 0, 2, 0, '2016-09-09 12:40:23', 68),
(21, 0, 2, 0, '2016-09-09 12:40:32', 68),
(21, 0, 2, 0, '2016-09-09 12:40:33', 68),
(21, 0, 2, 0, '2016-09-09 12:40:33', 68),
(20, 0, 2, 0, '2016-09-09 12:40:43', 68),
(20, 0, 2, 0, '2016-09-09 12:40:43', 68),
(20, 0, 2, 0, '2016-09-09 12:40:43', 68),
(18, 0, 1, 0, '2016-09-09 12:40:50', 68),
(21, 0, 2, 0, '2016-09-09 12:40:53', 68),
(21, 0, 2, 0, '2016-09-09 12:40:53', 68),
(21, 0, 2, 0, '2016-09-09 12:40:53', 68),
(22, 0, 1, 0, '2016-09-09 12:41:00', 68),
(26, 0, 1, 0, '2016-09-09 12:41:00', 68),
(20, 0, 2, 0, '2016-09-09 12:41:03', 68),
(20, 0, 2, 0, '2016-09-09 12:41:03', 68),
(20, 0, 2, 0, '2016-09-09 12:41:03', 68),
(27, 0, 1, 0, '2016-09-09 12:41:10', 68),
(21, 0, 2, 0, '2016-09-09 12:41:13', 68),
(21, 0, 2, 0, '2016-09-09 12:41:13', 68),
(21, 0, 2, 0, '2016-09-09 12:41:13', 68),
(20, 0, 2, 0, '2016-09-09 12:41:23', 68),
(20, 0, 2, 0, '2016-09-09 12:41:24', 68),
(20, 0, 2, 0, '2016-09-09 12:41:24', 68),
(21, 0, 2, 0, '2016-09-09 12:41:33', 68),
(21, 0, 2, 0, '2016-09-09 12:41:34', 68),
(21, 0, 2, 0, '2016-09-09 12:41:34', 68),
(20, 0, 2, 0, '2016-09-09 12:41:43', 68),
(20, 0, 2, 0, '2016-09-09 12:41:44', 68),
(20, 0, 2, 0, '2016-09-09 12:41:44', 68),
(21, 0, 2, 0, '2016-09-09 12:41:53', 68),
(21, 0, 2, 0, '2016-09-09 12:41:54', 68),
(21, 0, 2, 0, '2016-09-09 12:41:54', 68),
(20, 0, 2, 0, '2016-09-09 12:42:04', 68),
(20, 0, 2, 0, '2016-09-09 12:42:04', 68),
(20, 0, 2, 0, '2016-09-09 12:42:05', 68),
(18, 0, 1, 0, '2016-09-09 12:42:10', 68),
(21, 0, 2, 0, '2016-09-09 12:42:14', 68),
(21, 0, 2, 0, '2016-09-09 12:42:14', 68),
(21, 0, 2, 0, '2016-09-09 12:42:15', 68),
(22, 0, 1, 0, '2016-09-09 12:42:20', 68),
(26, 0, 1, 0, '2016-09-09 12:42:20', 68),
(20, 0, 2, 0, '2016-09-09 12:42:24', 68),
(20, 0, 2, 0, '2016-09-09 12:42:25', 68),
(20, 0, 2, 0, '2016-09-09 12:42:25', 68),
(27, 0, 1, 0, '2016-09-09 12:42:30', 68),
(21, 0, 2, 0, '2016-09-09 12:42:34', 68),
(21, 0, 2, 0, '2016-09-09 12:42:35', 68),
(21, 0, 2, 0, '2016-09-09 12:42:35', 68),
(20, 0, 2, 0, '2016-09-09 12:42:44', 68),
(20, 0, 2, 0, '2016-09-09 12:42:45', 68),
(20, 0, 2, 0, '2016-09-09 12:42:45', 68),
(21, 0, 2, 0, '2016-09-09 12:42:54', 68),
(21, 0, 2, 0, '2016-09-09 12:42:55', 68),
(21, 0, 2, 0, '2016-09-09 12:42:55', 68),
(20, 0, 2, 0, '2016-09-09 12:43:04', 68),
(20, 0, 2, 0, '2016-09-09 12:43:05', 68),
(20, 0, 2, 0, '2016-09-09 12:43:05', 68),
(21, 0, 2, 0, '2016-09-09 12:43:14', 68),
(21, 0, 2, 0, '2016-09-09 12:43:15', 68),
(21, 0, 2, 0, '2016-09-09 12:43:15', 68),
(20, 0, 2, 0, '2016-09-09 12:43:25', 68),
(20, 0, 2, 0, '2016-09-09 12:43:26', 68),
(20, 0, 2, 0, '2016-09-09 12:43:26', 68),
(18, 0, 1, 0, '2016-09-09 12:43:30', 68),
(21, 0, 2, 0, '2016-09-09 12:43:35', 68),
(21, 0, 2, 0, '2016-09-09 12:43:36', 68),
(21, 0, 2, 0, '2016-09-09 12:43:36', 68),
(22, 0, 1, 0, '2016-09-09 12:43:40', 68),
(26, 0, 1, 0, '2016-09-09 12:43:40', 68),
(20, 0, 2, 0, '2016-09-09 12:43:45', 68),
(20, 0, 2, 0, '2016-09-09 12:43:46', 68),
(20, 0, 2, 0, '2016-09-09 12:43:46', 68),
(27, 0, 1, 0, '2016-09-09 12:43:50', 68),
(21, 0, 2, 0, '2016-09-09 12:43:55', 68),
(21, 0, 2, 0, '2016-09-09 12:43:56', 68),
(21, 0, 2, 0, '2016-09-09 12:43:56', 68),
(20, 0, 2, 0, '2016-09-09 12:44:05', 68),
(20, 0, 2, 0, '2016-09-09 12:44:07', 68),
(20, 0, 2, 0, '2016-09-09 12:44:07', 68),
(21, 0, 2, 0, '2016-09-09 12:44:15', 68),
(21, 0, 2, 0, '2016-09-09 12:44:17', 68),
(21, 0, 2, 0, '2016-09-09 12:44:17', 68),
(20, 0, 2, 0, '2016-09-09 12:44:25', 68),
(20, 0, 2, 0, '2016-09-09 12:44:27', 68),
(20, 0, 2, 0, '2016-09-09 12:44:27', 68),
(21, 0, 2, 0, '2016-09-09 12:44:35', 68),
(21, 0, 2, 0, '2016-09-09 12:44:37', 68),
(21, 0, 2, 0, '2016-09-09 12:44:37', 68),
(20, 0, 2, 0, '2016-09-09 12:44:46', 68),
(20, 0, 2, 0, '2016-09-09 12:44:47', 68),
(20, 0, 2, 0, '2016-09-09 12:44:48', 68),
(18, 0, 1, 0, '2016-09-09 12:44:50', 68),
(21, 0, 2, 0, '2016-09-09 12:44:56', 68),
(21, 0, 2, 0, '2016-09-09 12:44:57', 68),
(21, 0, 2, 0, '2016-09-09 12:44:58', 68),
(22, 0, 1, 0, '2016-09-09 12:45:00', 68),
(26, 0, 1, 0, '2016-09-09 12:45:00', 68),
(20, 0, 2, 0, '2016-09-09 12:45:06', 68),
(20, 0, 2, 0, '2016-09-09 12:45:08', 68),
(20, 0, 2, 0, '2016-09-09 12:45:08', 68),
(27, 0, 1, 0, '2016-09-09 12:45:10', 68),
(21, 0, 2, 0, '2016-09-09 12:45:16', 68),
(21, 0, 2, 0, '2016-09-09 12:45:18', 68),
(21, 0, 2, 0, '2016-09-09 12:45:18', 68),
(20, 0, 2, 0, '2016-09-09 12:45:26', 68),
(20, 0, 2, 0, '2016-09-09 12:45:28', 68),
(20, 0, 2, 0, '2016-09-09 12:45:29', 68),
(21, 0, 2, 0, '2016-09-09 12:45:37', 68),
(21, 0, 2, 0, '2016-09-09 12:45:38', 68),
(21, 0, 2, 0, '2016-09-09 12:45:39', 68),
(20, 0, 2, 0, '2016-09-09 12:45:48', 68),
(20, 0, 2, 0, '2016-09-09 12:45:49', 68),
(20, 0, 2, 0, '2016-09-09 12:45:50', 68),
(21, 0, 2, 0, '2016-09-09 12:45:58', 68),
(21, 0, 2, 0, '2016-09-09 12:45:59', 68),
(21, 0, 2, 0, '2016-09-09 12:46:00', 68),
(20, 0, 2, 0, '2016-09-09 12:46:09', 68),
(20, 0, 2, 0, '2016-09-09 12:46:10', 68),
(20, 0, 2, 0, '2016-09-09 12:46:11', 68),
(18, 0, 1, 0, '2016-09-09 12:46:11', 68),
(21, 0, 2, 0, '2016-09-09 12:46:19', 68),
(21, 0, 2, 0, '2016-09-09 12:46:20', 68),
(21, 0, 2, 0, '2016-09-09 12:46:21', 68),
(22, 0, 1, 0, '2016-09-09 12:46:22', 68),
(26, 0, 1, 0, '2016-09-09 12:46:22', 68),
(20, 0, 2, 0, '2016-09-09 12:46:30', 68),
(20, 0, 2, 0, '2016-09-09 12:46:31', 68),
(20, 0, 2, 0, '2016-09-09 12:46:32', 68),
(27, 0, 1, 0, '2016-09-09 12:46:32', 68),
(21, 0, 2, 0, '2016-09-09 12:46:40', 68),
(21, 0, 2, 0, '2016-09-09 12:46:41', 68),
(21, 0, 2, 0, '2016-09-09 12:46:42', 68),
(20, 0, 2, 0, '2016-09-09 12:46:51', 68),
(20, 0, 2, 0, '2016-09-09 12:46:52', 68),
(20, 0, 2, 0, '2016-09-09 12:46:53', 68),
(21, 0, 2, 0, '2016-09-09 12:47:01', 68),
(21, 0, 2, 0, '2016-09-09 12:47:02', 68),
(21, 0, 2, 0, '2016-09-09 12:47:03', 68),
(20, 0, 2, 0, '2016-09-09 12:47:12', 68),
(20, 0, 2, 0, '2016-09-09 12:47:13', 68),
(20, 0, 2, 0, '2016-09-09 12:47:14', 68),
(18, 0, 1, 0, '2016-09-09 12:47:22', 68),
(21, 0, 2, 0, '2016-09-09 12:47:22', 68),
(21, 0, 2, 0, '2016-09-09 12:47:23', 68),
(21, 0, 2, 0, '2016-09-09 12:47:23', 68),
(21, 0, 2, 0, '2016-09-09 12:47:23', 68),
(21, 0, 2, 0, '2016-09-09 12:47:23', 68),
(21, 0, 2, 0, '2016-09-09 12:47:24', 68),
(20, 0, 2, 0, '2016-09-09 12:47:33', 68),
(18, 0, 1, 0, '2016-09-09 12:47:33', 68),
(20, 0, 2, 0, '2016-09-09 12:47:34', 68),
(20, 0, 2, 0, '2016-09-09 12:47:35', 68),
(22, 0, 1, 0, '2016-09-09 12:47:37', 68),
(26, 0, 1, 0, '2016-09-09 12:47:37', 68),
(20, 0, 2, 0, '2016-09-09 12:47:38', 68),
(20, 0, 2, 0, '2016-09-09 12:47:38', 68),
(20, 0, 2, 0, '2016-09-09 12:47:38', 68),
(21, 0, 2, 0, '2016-09-09 12:47:43', 68),
(22, 0, 1, 0, '2016-09-09 12:47:44', 68),
(26, 0, 1, 0, '2016-09-09 12:47:44', 68),
(21, 0, 2, 0, '2016-09-09 12:47:44', 68),
(21, 0, 2, 0, '2016-09-09 12:47:45', 68),
(27, 0, 1, 0, '2016-09-09 12:47:47', 68),
(21, 0, 2, 0, '2016-09-09 12:47:47', 68),
(21, 0, 2, 0, '2016-09-09 12:47:47', 68),
(21, 0, 2, 0, '2016-09-09 12:47:47', 68),
(20, 0, 2, 0, '2016-09-09 12:47:54', 68),
(27, 0, 1, 0, '2016-09-09 12:47:54', 68),
(20, 0, 2, 0, '2016-09-09 12:47:56', 68),
(20, 0, 2, 0, '2016-09-09 12:47:56', 68),
(21, 0, 2, 0, '2016-09-09 12:48:04', 68),
(18, 0, 1, 0, '2016-09-09 12:48:06', 68),
(21, 0, 2, 0, '2016-09-09 12:48:06', 68),
(21, 0, 2, 0, '2016-09-09 12:48:06', 68),
(21, 0, 2, 0, '2016-09-09 12:48:07', 68),
(21, 0, 2, 0, '2016-09-09 12:48:07', 68),
(21, 0, 2, 0, '2016-09-09 12:48:07', 68),
(20, 0, 2, 0, '2016-09-09 12:48:15', 68),
(20, 0, 2, 0, '2016-09-09 12:48:17', 68),
(20, 0, 2, 0, '2016-09-09 12:48:17', 68),
(22, 0, 1, 0, '2016-09-09 12:48:18', 68),
(26, 0, 1, 0, '2016-09-09 12:48:18', 68),
(20, 0, 2, 0, '2016-09-09 12:48:18', 68),
(20, 0, 2, 0, '2016-09-09 12:48:19', 68),
(20, 0, 2, 0, '2016-09-09 12:48:19', 68),
(21, 0, 2, 0, '2016-09-09 12:48:25', 68),
(21, 0, 2, 0, '2016-09-09 12:48:27', 68),
(21, 0, 2, 0, '2016-09-09 12:48:28', 68),
(27, 0, 1, 0, '2016-09-09 12:48:28', 68),
(21, 0, 2, 0, '2016-09-09 12:48:28', 68),
(21, 0, 2, 0, '2016-09-09 12:48:29', 68),
(21, 0, 2, 0, '2016-09-09 12:48:29', 68),
(20, 0, 2, 0, '2016-09-09 12:48:36', 68),
(20, 0, 2, 0, '2016-09-09 12:48:38', 68),
(20, 0, 2, 0, '2016-09-09 12:48:38', 68),
(20, 0, 2, 0, '2016-09-09 12:48:44', 68),
(20, 0, 2, 0, '2016-09-09 12:48:44', 68),
(20, 0, 2, 0, '2016-09-09 12:48:45', 68),
(21, 0, 2, 0, '2016-09-09 12:48:46', 68),
(21, 0, 2, 0, '2016-09-09 12:48:48', 68),
(21, 0, 2, 0, '2016-09-09 12:48:49', 68),
(21, 0, 2, 0, '2016-09-09 12:48:53', 68),
(21, 0, 2, 0, '2016-09-09 12:48:55', 68),
(21, 0, 2, 0, '2016-09-09 12:48:55', 68),
(18, 0, 1, 0, '2016-09-09 12:48:56', 68),
(20, 0, 2, 0, '2016-09-09 12:48:57', 68),
(20, 0, 2, 0, '2016-09-09 12:48:59', 68),
(20, 0, 2, 0, '2016-09-09 12:48:59', 68),
(22, 0, 1, 0, '2016-09-09 12:49:06', 68),
(26, 0, 1, 0, '2016-09-09 12:49:06', 68),
(21, 0, 2, 0, '2016-09-09 12:49:07', 68),
(20, 0, 2, 0, '2016-09-09 12:49:08', 68),
(20, 0, 2, 0, '2016-09-09 12:49:08', 68),
(20, 0, 2, 0, '2016-09-09 12:49:08', 68),
(21, 0, 2, 0, '2016-09-09 12:49:09', 68),
(21, 0, 2, 0, '2016-09-09 12:49:09', 68),
(27, 0, 1, 0, '2016-09-09 12:49:16', 68),
(20, 0, 2, 0, '2016-09-09 12:49:18', 68),
(21, 0, 2, 0, '2016-09-09 12:49:18', 68),
(21, 0, 2, 0, '2016-09-09 12:49:18', 68),
(21, 0, 2, 0, '2016-09-09 12:49:18', 68),
(20, 0, 2, 0, '2016-09-09 12:49:20', 68),
(20, 0, 2, 0, '2016-09-09 12:49:20', 68),
(18, 0, 1, 0, '2016-09-09 12:49:28', 68),
(21, 0, 2, 0, '2016-09-09 12:49:28', 68),
(20, 0, 2, 0, '2016-09-09 12:49:28', 68),
(20, 0, 2, 0, '2016-09-09 12:49:29', 68),
(20, 0, 2, 0, '2016-09-09 12:49:29', 68),
(21, 0, 2, 0, '2016-09-09 12:49:30', 68),
(21, 0, 2, 0, '2016-09-09 12:49:30', 68),
(22, 0, 1, 0, '2016-09-09 12:49:38', 68),
(26, 0, 1, 0, '2016-09-09 12:49:39', 68),
(21, 0, 2, 0, '2016-09-09 12:49:39', 68),
(20, 0, 2, 0, '2016-09-09 12:49:39', 68),
(21, 0, 2, 0, '2016-09-09 12:49:39', 68),
(20, 0, 2, 0, '2016-09-09 12:49:41', 68),
(20, 0, 2, 0, '2016-09-09 12:49:41', 68),
(21, 0, 2, 0, '2016-09-09 12:49:41', 68),
(27, 0, 1, 0, '2016-09-09 12:49:48', 68),
(20, 0, 2, 0, '2016-09-09 12:49:49', 68),
(21, 0, 2, 0, '2016-09-09 12:49:49', 68),
(20, 0, 2, 0, '2016-09-09 12:49:51', 68),
(21, 0, 2, 0, '2016-09-09 12:49:51', 68),
(21, 0, 2, 0, '2016-09-09 12:49:52', 68),
(20, 0, 2, 0, '2016-09-09 12:49:52', 68),
(21, 0, 2, 0, '2016-09-09 12:49:59', 68),
(20, 0, 2, 0, '2016-09-09 12:50:00', 68),
(21, 0, 2, 0, '2016-09-09 12:50:01', 68),
(21, 0, 2, 0, '2016-09-09 12:50:01', 68),
(20, 0, 2, 0, '2016-09-09 12:50:02', 68),
(20, 0, 2, 0, '2016-09-09 12:50:02', 68),
(21, 0, 2, 0, '2016-09-09 12:50:10', 68),
(20, 0, 2, 0, '2016-09-09 12:50:11', 68),
(20, 0, 2, 0, '2016-09-09 12:50:11', 68),
(20, 0, 2, 0, '2016-09-09 12:50:12', 68),
(21, 0, 2, 0, '2016-09-09 12:50:12', 68),
(21, 0, 2, 0, '2016-09-09 12:50:12', 68),
(18, 0, 1, 0, '2016-09-09 12:50:17', 68),
(20, 0, 2, 0, '2016-09-09 12:50:21', 68),
(21, 0, 2, 0, '2016-09-09 12:50:21', 68),
(21, 0, 2, 0, '2016-09-09 12:50:21', 68),
(21, 0, 2, 0, '2016-09-09 12:50:22', 68),
(20, 0, 2, 0, '2016-09-09 12:50:23', 68),
(20, 0, 2, 0, '2016-09-09 12:50:23', 68),
(22, 0, 1, 0, '2016-09-09 12:50:28', 68),
(26, 0, 1, 0, '2016-09-09 12:50:28', 68),
(18, 0, 1, 0, '2016-09-09 12:50:31', 68),
(21, 0, 2, 0, '2016-09-09 12:50:31', 68),
(21, 0, 2, 0, '2016-09-09 12:50:31', 68),
(21, 0, 2, 0, '2016-09-09 12:50:31', 68),
(21, 0, 2, 0, '2016-09-09 12:50:31', 68),
(21, 0, 2, 0, '2016-09-09 12:50:33', 68),
(21, 0, 2, 0, '2016-09-09 12:50:33', 68),
(27, 0, 1, 0, '2016-09-09 12:50:38', 68),
(20, 0, 2, 0, '2016-09-09 12:50:42', 68),
(20, 0, 2, 0, '2016-09-09 12:50:42', 68),
(20, 0, 2, 0, '2016-09-09 12:50:43', 68),
(20, 0, 2, 0, '2016-09-09 12:50:43', 68),
(22, 0, 1, 0, '2016-09-09 12:50:43', 68),
(26, 0, 1, 0, '2016-09-09 12:50:43', 68),
(20, 0, 2, 0, '2016-09-09 12:50:44', 68),
(20, 0, 2, 0, '2016-09-09 12:50:44', 68),
(21, 0, 2, 0, '2016-09-09 12:50:52', 68),
(21, 0, 2, 0, '2016-09-09 12:50:52', 68),
(21, 0, 2, 0, '2016-09-09 12:50:52', 68),
(21, 0, 2, 0, '2016-09-09 12:50:52', 68),
(27, 0, 1, 0, '2016-09-09 12:50:53', 68),
(21, 0, 2, 0, '2016-09-09 12:50:54', 68),
(21, 0, 2, 0, '2016-09-09 12:50:54', 68),
(20, 0, 2, 0, '2016-09-09 12:51:03', 68),
(20, 0, 2, 0, '2016-09-09 12:51:03', 68),
(20, 0, 2, 0, '2016-09-09 12:51:04', 68),
(20, 0, 2, 0, '2016-09-09 12:51:04', 68),
(20, 0, 2, 0, '2016-09-09 12:51:05', 68),
(20, 0, 2, 0, '2016-09-09 12:51:05', 68),
(21, 0, 2, 0, '2016-09-09 12:51:13', 68),
(21, 0, 2, 0, '2016-09-09 12:51:13', 68),
(21, 0, 2, 0, '2016-09-09 12:51:13', 68),
(21, 0, 2, 0, '2016-09-09 12:51:14', 68),
(21, 0, 2, 0, '2016-09-09 12:51:15', 68),
(21, 0, 2, 0, '2016-09-09 12:51:15', 68),
(20, 0, 2, 0, '2016-09-09 12:51:23', 68),
(20, 0, 2, 0, '2016-09-09 12:51:24', 68),
(20, 0, 2, 0, '2016-09-09 12:51:24', 68),
(20, 0, 2, 0, '2016-09-09 12:51:24', 68),
(20, 0, 2, 0, '2016-09-09 12:51:26', 68),
(20, 0, 2, 0, '2016-09-09 12:51:26', 68),
(21, 0, 2, 0, '2016-09-09 12:51:33', 68),
(21, 0, 2, 0, '2016-09-09 12:51:34', 68),
(21, 0, 2, 0, '2016-09-09 12:51:34', 68),
(21, 0, 2, 0, '2016-09-09 12:51:35', 68),
(21, 0, 2, 0, '2016-09-09 12:51:36', 68),
(21, 0, 2, 0, '2016-09-09 12:51:36', 68),
(18, 0, 1, 0, '2016-09-09 12:51:40', 68),
(20, 0, 2, 0, '2016-09-09 12:51:43', 68),
(20, 0, 2, 0, '2016-09-09 12:51:45', 68),
(20, 0, 2, 0, '2016-09-09 12:51:45', 68),
(20, 0, 2, 0, '2016-09-09 12:51:45', 68),
(20, 0, 2, 0, '2016-09-09 12:51:47', 68),
(20, 0, 2, 0, '2016-09-09 12:51:47', 68),
(22, 0, 1, 0, '2016-09-09 12:51:50', 68),
(26, 0, 1, 0, '2016-09-09 12:51:50', 68),
(18, 0, 1, 0, '2016-09-09 12:51:53', 68),
(21, 0, 2, 0, '2016-09-09 12:51:53', 68),
(21, 0, 2, 0, '2016-09-09 12:51:55', 68),
(21, 0, 2, 0, '2016-09-09 12:51:55', 68),
(21, 0, 2, 0, '2016-09-09 12:51:55', 68),
(21, 0, 2, 0, '2016-09-09 12:51:57', 68),
(21, 0, 2, 0, '2016-09-09 12:51:57', 68),
(27, 0, 1, 0, '2016-09-09 12:52:00', 68),
(22, 0, 1, 0, '2016-09-09 12:52:03', 68),
(26, 0, 1, 0, '2016-09-09 12:52:03', 68),
(20, 0, 2, 0, '2016-09-09 12:52:04', 68),
(20, 0, 2, 0, '2016-09-09 12:52:05', 68),
(20, 0, 2, 0, '2016-09-09 12:52:05', 68),
(20, 0, 2, 0, '2016-09-09 12:52:06', 68),
(20, 0, 2, 0, '2016-09-09 12:52:08', 68),
(20, 0, 2, 0, '2016-09-09 12:52:08', 68),
(27, 0, 1, 0, '2016-09-09 12:52:13', 68),
(21, 0, 2, 0, '2016-09-09 12:52:14', 68),
(21, 0, 2, 0, '2016-09-09 12:52:15', 68),
(21, 0, 2, 0, '2016-09-09 12:52:15', 68),
(18, 0, 1, 0, '2016-09-09 12:52:25', 68),
(21, 0, 2, 0, '2016-09-09 12:52:25', 68),
(22, 0, 3, 0, '2016-09-09 12:52:25', 68),
(21, 0, 2, 0, '2016-09-09 12:52:25', 68),
(18, 0, 1, 0, '2016-09-09 12:52:28', 68),
(21, 0, 2, 0, '2016-09-09 12:52:28', 68),
(22, 0, 3, 0, '2016-09-09 12:52:28', 68),
(21, 0, 2, 0, '2016-09-09 12:52:29', 68),
(20, 0, 3, 0, '2016-09-09 12:52:35', 68),
(20, 0, 2, 0, '2016-09-09 12:52:36', 68),
(20, 0, 2, 0, '2016-09-09 12:52:36', 68),
(22, 0, 1, 0, '2016-09-09 12:52:36', 68),
(26, 0, 1, 0, '2016-09-09 12:52:36', 68),
(22, 0, 1, 0, '2016-09-09 12:52:39', 68),
(26, 0, 1, 0, '2016-09-09 12:52:39', 68),
(20, 0, 2, 0, '2016-09-09 12:52:39', 68),
(20, 0, 2, 0, '2016-09-09 12:52:39', 68),
(20, 0, 3, 0, '2016-09-09 12:52:39', 68),
(22, 0, 3, 0, '2016-09-09 12:52:45', 68),
(21, 0, 2, 0, '2016-09-09 12:52:46', 68),
(21, 0, 2, 0, '2016-09-09 12:52:46', 68),
(24, 0, 1, 0, '2016-09-09 12:52:46', 68),
(24, 0, 1, 0, '2016-09-09 12:52:49', 68),
(21, 0, 2, 0, '2016-09-09 12:52:49', 68),
(21, 0, 2, 0, '2016-09-09 12:52:50', 68),
(22, 0, 3, 0, '2016-09-09 12:52:53', 68),
(20, 0, 3, 0, '2016-09-09 12:53:00', 68),
(20, 0, 2, 0, '2016-09-09 12:53:02', 68),
(20, 0, 2, 0, '2016-09-09 12:53:02', 68),
(20, 0, 2, 0, '2016-09-09 12:53:03', 68),
(20, 0, 2, 0, '2016-09-09 12:53:03', 68),
(20, 0, 3, 0, '2016-09-09 12:53:03', 68),
(22, 0, 3, 0, '2016-09-09 12:53:11', 68),
(21, 0, 2, 0, '2016-09-09 12:53:12', 68),
(21, 0, 2, 0, '2016-09-09 12:53:12', 68),
(22, 0, 3, 0, '2016-09-09 12:53:14', 68),
(21, 0, 2, 0, '2016-09-09 12:53:16', 68),
(21, 0, 2, 0, '2016-09-09 12:53:16', 68),
(20, 0, 2, 0, '2016-09-09 12:53:23', 68),
(20, 0, 2, 0, '2016-09-09 12:53:23', 68),
(20, 0, 3, 0, '2016-09-09 12:53:24', 68),
(20, 0, 3, 0, '2016-09-09 12:53:25', 68),
(21, 0, 2, 0, '2016-09-09 12:53:33', 68),
(21, 0, 2, 0, '2016-09-09 12:53:33', 68),
(22, 0, 3, 0, '2016-09-09 12:53:35', 68),
(22, 0, 3, 0, '2016-09-09 12:53:38', 68),
(20, 0, 2, 0, '2016-09-09 12:53:38', 68),
(20, 0, 2, 0, '2016-09-09 12:53:38', 68),
(20, 0, 2, 0, '2016-09-09 12:53:46', 68),
(20, 0, 2, 0, '2016-09-09 12:53:46', 68),
(20, 0, 3, 0, '2016-09-09 12:53:46', 68),
(20, 0, 3, 0, '2016-09-09 12:53:49', 68),
(21, 0, 2, 0, '2016-09-09 12:53:49', 68),
(21, 0, 2, 0, '2016-09-09 12:53:49', 68),
(18, 0, 1, 0, '2016-09-09 12:53:49', 68),
(18, 0, 1, 0, '2016-09-09 12:53:50', 68),
(21, 0, 2, 0, '2016-09-09 12:53:54', 68),
(21, 0, 2, 0, '2016-09-09 12:53:55', 68),
(22, 0, 3, 0, '2016-09-09 12:53:57', 68),
(22, 0, 3, 0, '2016-09-09 12:53:59', 68),
(22, 0, 1, 0, '2016-09-09 12:54:00', 68),
(26, 0, 1, 0, '2016-09-09 12:54:00', 68),
(20, 0, 2, 0, '2016-09-09 12:54:00', 68),
(20, 0, 2, 0, '2016-09-09 12:54:00', 68),
(22, 0, 1, 0, '2016-09-09 12:54:01', 68),
(26, 0, 1, 0, '2016-09-09 12:54:01', 68),
(20, 0, 2, 0, '2016-09-09 12:54:05', 68),
(20, 0, 2, 0, '2016-09-09 12:54:05', 68),
(20, 0, 3, 0, '2016-09-09 12:54:08', 68),
(20, 0, 3, 0, '2016-09-09 12:54:09', 68),
(24, 0, 1, 0, '2016-09-09 12:54:10', 68),
(21, 0, 2, 0, '2016-09-09 12:54:10', 68),
(21, 0, 2, 0, '2016-09-09 12:54:10', 68),
(24, 0, 1, 0, '2016-09-09 12:54:11', 68),
(21, 0, 2, 0, '2016-09-09 12:54:17', 68),
(21, 0, 2, 0, '2016-09-09 12:54:17', 68),
(22, 0, 3, 0, '2016-09-09 12:54:19', 68),
(22, 0, 3, 0, '2016-09-09 12:54:24', 68),
(20, 0, 2, 0, '2016-09-09 12:54:28', 68),
(20, 0, 2, 0, '2016-09-09 12:54:28', 68),
(20, 0, 2, 0, '2016-09-09 12:54:29', 68),
(20, 0, 2, 0, '2016-09-09 12:54:29', 68),
(20, 0, 3, 0, '2016-09-09 12:54:30', 68),
(20, 0, 3, 0, '2016-09-09 12:54:35', 68),
(21, 0, 2, 0, '2016-09-09 12:54:38', 68),
(21, 0, 2, 0, '2016-09-09 12:54:38', 68),
(22, 0, 3, 0, '2016-09-09 12:54:40', 68),
(21, 0, 2, 0, '2016-09-09 12:54:43', 68),
(21, 0, 2, 0, '2016-09-09 12:54:43', 68),
(20, 0, 2, 0, '2016-09-09 12:54:49', 68),
(22, 0, 3, 0, '2016-09-09 12:54:49', 68),
(20, 0, 2, 0, '2016-09-09 12:54:49', 68),
(20, 0, 3, 0, '2016-09-09 12:54:50', 68),
(21, 0, 2, 0, '2016-09-09 12:54:59', 68),
(21, 0, 2, 0, '2016-09-09 12:54:59', 68),
(20, 0, 3, 0, '2016-09-09 12:55:01', 68),
(22, 0, 3, 0, '2016-09-09 12:55:01', 68),
(20, 0, 2, 0, '2016-09-09 12:55:05', 68),
(20, 0, 2, 0, '2016-09-09 12:55:05', 68),
(20, 0, 2, 0, '2016-09-09 12:55:10', 68),
(20, 0, 2, 0, '2016-09-09 12:55:10', 68),
(20, 0, 3, 0, '2016-09-09 12:55:12', 68),
(22, 0, 3, 0, '2016-09-09 12:55:12', 68),
(18, 0, 1, 0, '2016-09-09 12:55:12', 68),
(18, 0, 1, 0, '2016-09-09 12:55:13', 68),
(21, 0, 2, 0, '2016-09-09 12:55:13', 68),
(21, 0, 2, 0, '2016-09-09 12:55:13', 68),
(21, 0, 2, 0, '2016-09-09 12:55:20', 68),
(21, 0, 2, 0, '2016-09-09 12:55:20', 68),
(20, 0, 3, 0, '2016-09-09 12:55:22', 68),
(22, 0, 1, 0, '2016-09-09 12:55:23', 68),
(26, 0, 1, 0, '2016-09-09 12:55:23', 68),
(22, 0, 3, 0, '2016-09-09 12:55:24', 68),
(22, 0, 1, 0, '2016-09-09 12:55:24', 68),
(26, 0, 1, 0, '2016-09-09 12:55:24', 68),
(20, 0, 2, 0, '2016-09-09 12:55:24', 68),
(20, 0, 2, 0, '2016-09-09 12:55:24', 68),
(20, 0, 2, 0, '2016-09-09 12:55:31', 68),
(20, 0, 2, 0, '2016-09-09 12:55:31', 68),
(22, 0, 3, 0, '2016-09-09 12:55:32', 68),
(24, 0, 1, 0, '2016-09-09 12:55:33', 68),
(24, 0, 1, 0, '2016-09-09 12:55:34', 68),
(21, 0, 2, 0, '2016-09-09 12:55:34', 68),
(21, 0, 2, 0, '2016-09-09 12:55:34', 68),
(20, 0, 3, 0, '2016-09-09 12:55:37', 68),
(21, 0, 2, 0, '2016-09-09 12:55:42', 68),
(21, 0, 2, 0, '2016-09-09 12:55:42', 68),
(22, 0, 3, 0, '2016-09-09 12:55:47', 68),
(20, 0, 3, 0, '2016-09-09 12:55:49', 68),
(20, 0, 2, 0, '2016-09-09 12:55:53', 68),
(20, 0, 2, 0, '2016-09-09 12:55:53', 68),
(20, 0, 2, 0, '2016-09-09 12:55:54', 68),
(20, 0, 2, 0, '2016-09-09 12:55:54', 68),
(20, 0, 3, 0, '2016-09-09 12:55:58', 68),
(22, 0, 3, 0, '2016-09-09 12:55:59', 68),
(21, 0, 2, 0, '2016-09-09 12:56:03', 68),
(21, 0, 2, 0, '2016-09-09 12:56:03', 68),
(21, 0, 2, 0, '2016-09-09 12:56:06', 68),
(21, 0, 2, 0, '2016-09-09 12:56:06', 68),
(22, 0, 3, 0, '2016-09-09 12:56:09', 68),
(20, 0, 3, 0, '2016-09-09 12:56:12', 68),
(20, 0, 2, 0, '2016-09-09 12:56:14', 68),
(20, 0, 2, 0, '2016-09-09 12:56:14', 68),
(20, 0, 3, 0, '2016-09-09 12:56:20', 68),
(21, 0, 2, 0, '2016-09-09 12:56:24', 68),
(21, 0, 2, 0, '2016-09-09 12:56:24', 68),
(22, 0, 3, 0, '2016-09-09 12:56:25', 68),
(22, 0, 3, 0, '2016-09-09 12:56:31', 68),
(18, 0, 1, 0, '2016-09-09 12:56:34', 68),
(20, 0, 2, 0, '2016-09-09 12:56:35', 68),
(20, 0, 2, 0, '2016-09-09 12:56:35', 68),
(20, 0, 3, 0, '2016-09-09 12:56:42', 68),
(22, 0, 1, 0, '2016-09-09 12:56:45', 68),
(26, 0, 1, 0, '2016-09-09 12:56:45', 68),
(21, 0, 2, 0, '2016-09-09 12:56:45', 68),
(21, 0, 2, 0, '2016-09-09 12:56:45', 68),
(22, 0, 3, 0, '2016-09-09 12:56:53', 68),
(24, 0, 1, 0, '2016-09-09 12:56:55', 68),
(20, 0, 2, 0, '2016-09-09 12:56:57', 68),
(20, 0, 2, 0, '2016-09-09 12:56:57', 68),
(20, 0, 3, 0, '2016-09-09 12:57:04', 68),
(21, 0, 2, 0, '2016-09-09 12:57:07', 68),
(21, 0, 2, 0, '2016-09-09 12:57:07', 68),
(18, 0, 1, 0, '2016-09-14 03:33:39', 68),
(21, 0, 2, 0, '2016-09-14 03:33:39', 68),
(22, 0, 3, 0, '2016-09-14 03:33:39', 68),
(21, 0, 2, 0, '2016-09-14 03:33:39', 68),
(20, 0, 3, 0, '2016-09-14 03:33:49', 68),
(22, 0, 1, 0, '2016-09-14 03:33:50', 68),
(26, 0, 1, 0, '2016-09-14 03:33:51', 68),
(20, 0, 2, 0, '2016-09-14 03:33:51', 68),
(20, 0, 2, 0, '2016-09-14 03:33:51', 68),
(22, 0, 3, 0, '2016-09-14 03:33:59', 68),
(24, 0, 1, 0, '2016-09-14 03:34:00', 68),
(21, 0, 2, 0, '2016-09-14 03:34:01', 68),
(21, 0, 2, 0, '2016-09-14 03:34:01', 68),
(35, 0, 10, 0, '2016-09-14 03:34:36', 70),
(34, 0, 10, 0, '2016-09-14 03:34:46', 70),
(35, 0, 10, 0, '2016-09-14 03:34:56', 70),
(34, 0, 10, 0, '2016-09-14 03:35:07', 70),
(35, 0, 10, 0, '2016-09-14 03:35:18', 70),
(34, 0, 10, 0, '2016-09-14 03:35:29', 70),
(35, 0, 10, 0, '2016-09-14 03:35:40', 70),
(34, 0, 10, 0, '2016-09-14 03:35:51', 70),
(35, 0, 10, 0, '2016-09-14 03:36:02', 70),
(34, 0, 10, 0, '2016-09-14 03:36:13', 70),
(35, 0, 10, 0, '2016-09-14 03:36:24', 70),
(35, 0, 10, 0, '2016-09-14 03:36:40', 70),
(34, 0, 10, 0, '2016-09-14 03:36:50', 70),
(36, 0, 10, 0, '2016-09-14 03:37:00', 70),
(35, 0, 10, 0, '2016-09-14 03:38:00', 70),
(34, 0, 10, 0, '2016-09-14 03:38:11', 70),
(36, 0, 10, 0, '2016-09-14 03:38:22', 70),
(35, 0, 10, 0, '2016-09-14 03:38:51', 70),
(34, 0, 10, 0, '2016-09-14 03:39:01', 70),
(35, 0, 10, 0, '2016-09-14 03:39:11', 70),
(39, 0, 10, 0, '2016-09-14 03:39:11', 70),
(34, 0, 10, 0, '2016-09-14 03:39:21', 70),
(35, 0, 10, 0, '2016-09-14 03:39:31', 70),
(39, 0, 10, 0, '2016-09-14 03:39:31', 70),
(34, 0, 10, 0, '2016-09-14 03:39:41', 70),
(35, 0, 10, 0, '2016-09-14 03:39:51', 70),
(39, 0, 10, 0, '2016-09-14 03:39:51', 70),
(34, 0, 10, 0, '2016-09-14 03:40:01', 70),
(35, 0, 10, 0, '2016-09-14 03:40:12', 70),
(39, 0, 10, 0, '2016-09-14 03:40:12', 70),
(34, 0, 10, 0, '2016-09-14 03:40:23', 70),
(35, 0, 10, 0, '2016-09-14 03:40:34', 70),
(39, 0, 10, 0, '2016-09-14 03:40:34', 70),
(34, 0, 10, 0, '2016-09-14 03:40:45', 70),
(35, 0, 10, 0, '2016-09-14 03:40:56', 70),
(39, 0, 10, 0, '2016-09-14 03:40:56', 70),
(34, 0, 10, 0, '2016-09-14 03:41:07', 70),
(35, 0, 10, 0, '2016-09-14 03:41:18', 70),
(39, 0, 10, 0, '2016-09-14 03:41:18', 70),
(34, 0, 10, 0, '2016-09-14 03:41:29', 70),
(35, 0, 10, 0, '2016-09-14 03:41:40', 70),
(39, 0, 10, 0, '2016-09-14 03:41:40', 70),
(34, 0, 10, 0, '2016-09-14 03:41:51', 70),
(35, 0, 10, 0, '2016-09-14 03:42:02', 70),
(39, 0, 10, 0, '2016-09-14 03:42:02', 70),
(34, 0, 10, 0, '2016-09-14 03:42:13', 70),
(35, 0, 10, 0, '2016-09-14 03:42:24', 70),
(39, 0, 10, 0, '2016-09-14 03:42:24', 70),
(34, 0, 10, 0, '2016-09-14 03:42:35', 70),
(35, 0, 10, 0, '2016-09-14 03:42:45', 70),
(39, 0, 10, 0, '2016-09-14 03:42:45', 70),
(34, 0, 10, 0, '2016-09-14 03:42:56', 70),
(35, 0, 10, 0, '2016-09-14 03:43:07', 70),
(39, 0, 10, 0, '2016-09-14 03:43:07', 70),
(34, 0, 10, 0, '2016-09-14 03:43:18', 70),
(35, 0, 10, 0, '2016-09-14 03:43:29', 70),
(39, 0, 10, 0, '2016-09-14 03:43:29', 70),
(34, 0, 10, 0, '2016-09-14 03:43:40', 70),
(35, 0, 10, 0, '2016-09-14 03:43:51', 70),
(39, 0, 10, 0, '2016-09-14 03:43:51', 70),
(34, 0, 10, 0, '2016-09-14 03:44:02', 70),
(35, 0, 10, 0, '2016-09-14 03:44:13', 70),
(39, 0, 10, 0, '2016-09-14 03:44:13', 70),
(34, 0, 10, 0, '2016-09-14 03:44:24', 70),
(35, 0, 10, 0, '2016-09-14 03:44:35', 70),
(39, 0, 10, 0, '2016-09-14 03:44:35', 70),
(34, 0, 10, 0, '2016-09-14 03:44:46', 70),
(35, 0, 10, 0, '2016-09-14 03:44:57', 70),
(39, 0, 10, 0, '2016-09-14 03:44:57', 70),
(34, 0, 10, 0, '2016-09-14 03:45:08', 70),
(35, 0, 10, 0, '2016-09-14 03:45:19', 70),
(39, 0, 10, 0, '2016-09-14 03:45:19', 70),
(34, 0, 10, 0, '2016-09-14 03:45:30', 70),
(35, 0, 10, 0, '2016-09-14 03:45:41', 70),
(39, 0, 10, 0, '2016-09-14 03:45:41', 70),
(34, 0, 10, 0, '2016-09-14 03:45:52', 70),
(35, 0, 10, 0, '2016-09-14 03:46:03', 70),
(39, 0, 10, 0, '2016-09-14 03:46:03', 70),
(34, 0, 10, 0, '2016-09-14 03:46:14', 70),
(35, 0, 10, 0, '2016-09-14 03:46:25', 70),
(39, 0, 10, 0, '2016-09-14 03:46:25', 70),
(34, 0, 10, 0, '2016-09-14 03:46:36', 70),
(35, 0, 10, 0, '2016-09-14 03:46:47', 70),
(39, 0, 10, 0, '2016-09-14 03:46:47', 70),
(34, 0, 10, 0, '2016-09-14 03:46:58', 70),
(35, 0, 10, 0, '2016-09-14 03:47:09', 70),
(39, 0, 10, 0, '2016-09-14 03:47:09', 70),
(34, 0, 10, 0, '2016-09-14 03:47:20', 70),
(35, 0, 10, 0, '2016-09-14 03:47:31', 70),
(39, 0, 10, 0, '2016-09-14 03:47:31', 70),
(34, 0, 10, 0, '2016-09-14 03:47:42', 70),
(35, 0, 10, 0, '2016-09-14 03:47:53', 70),
(39, 0, 10, 0, '2016-09-14 03:47:53', 70),
(34, 0, 10, 0, '2016-09-14 03:48:04', 70),
(35, 0, 10, 0, '2016-09-14 03:48:14', 70),
(39, 0, 10, 0, '2016-09-14 03:48:14', 70),
(34, 0, 10, 0, '2016-09-14 03:48:25', 70),
(35, 0, 10, 0, '2016-09-14 03:48:36', 70),
(39, 0, 10, 0, '2016-09-14 03:48:36', 70),
(34, 0, 10, 0, '2016-09-14 03:48:47', 70),
(35, 0, 10, 0, '2016-09-14 03:48:58', 70),
(39, 0, 10, 0, '2016-09-14 03:48:58', 70),
(34, 0, 10, 0, '2016-09-14 03:49:09', 70),
(35, 0, 10, 0, '2016-09-14 03:49:20', 70),
(39, 0, 10, 0, '2016-09-14 03:49:20', 70),
(34, 0, 10, 0, '2016-09-14 03:49:31', 70),
(35, 0, 10, 0, '2016-09-14 03:49:42', 70),
(39, 0, 10, 0, '2016-09-14 03:49:42', 70),
(34, 0, 10, 0, '2016-09-14 03:49:53', 70),
(35, 0, 10, 0, '2016-09-14 03:50:04', 70),
(39, 0, 10, 0, '2016-09-14 03:50:04', 70),
(34, 0, 10, 0, '2016-09-14 03:50:15', 70),
(35, 0, 10, 0, '2016-09-14 03:50:26', 70),
(39, 0, 10, 0, '2016-09-14 03:50:26', 70),
(34, 0, 10, 0, '2016-09-14 03:50:37', 70),
(35, 0, 10, 0, '2016-09-14 03:50:48', 70),
(39, 0, 10, 0, '2016-09-14 03:50:48', 70),
(34, 0, 10, 0, '2016-09-14 03:50:59', 70),
(35, 0, 10, 0, '2016-09-14 03:51:10', 70),
(39, 0, 10, 0, '2016-09-14 03:51:10', 70),
(34, 0, 10, 0, '2016-09-14 03:51:21', 70),
(35, 0, 10, 0, '2016-09-14 03:51:32', 70),
(39, 0, 10, 0, '2016-09-14 03:51:32', 70),
(34, 0, 10, 0, '2016-09-14 03:51:43', 70),
(35, 0, 10, 0, '2016-09-14 03:51:54', 70),
(39, 0, 10, 0, '2016-09-14 03:51:54', 70),
(34, 0, 10, 0, '2016-09-14 03:52:05', 70),
(35, 0, 10, 0, '2016-09-14 03:52:16', 70),
(39, 0, 10, 0, '2016-09-14 03:52:16', 70),
(35, 0, 10, 0, '2016-09-14 06:51:50', 70),
(34, 0, 10, 0, '2016-09-14 06:52:00', 70),
(35, 0, 10, 0, '2016-09-14 06:52:12', 70),
(34, 0, 10, 0, '2016-09-14 06:52:22', 70),
(35, 0, 10, 0, '2016-09-14 06:52:32', 70),
(39, 0, 10, 0, '2016-09-14 06:52:33', 70),
(34, 0, 10, 0, '2016-09-14 06:52:42', 70),
(35, 0, 10, 0, '2016-09-14 06:52:52', 70),
(39, 0, 10, 0, '2016-09-14 06:52:52', 70),
(35, 0, 10, 0, '2016-09-14 06:53:10', 70),
(34, 0, 10, 0, '2016-09-14 06:53:20', 70),
(35, 0, 10, 0, '2016-09-14 06:53:30', 70),
(39, 0, 10, 0, '2016-09-14 06:53:30', 70),
(34, 0, 10, 0, '2016-09-14 06:53:40', 70),
(35, 0, 10, 0, '2016-09-14 06:53:51', 70),
(39, 0, 10, 0, '2016-09-14 06:53:51', 70),
(34, 0, 10, 0, '2016-09-14 06:54:01', 70),
(35, 0, 10, 0, '2016-09-14 06:54:11', 70),
(39, 0, 10, 0, '2016-09-14 06:54:12', 70),
(34, 0, 10, 0, '2016-09-14 06:54:21', 70),
(35, 0, 10, 0, '2016-09-14 06:54:31', 70),
(39, 0, 10, 0, '2016-09-14 06:54:31', 70),
(34, 0, 10, 0, '2016-09-14 06:54:41', 70),
(35, 0, 10, 0, '2016-09-14 06:54:51', 70),
(39, 0, 10, 0, '2016-09-14 06:54:51', 70);

-- --------------------------------------------------------

--
-- Table structure for table `off_media_logs`
--

CREATE TABLE IF NOT EXISTS `off_media_logs` (
  `id` int(11) NOT NULL AUTO_INCREMENT,
  `media_id` int(11) NOT NULL,
  `schedule_id` int(11) NOT NULL,
  `campaign_id` int(11) NOT NULL,
  `publisher_id` int(11) NOT NULL,
  `logdate` timestamp NOT NULL DEFAULT CURRENT_TIMESTAMP,
  `screen_id` int(11) NOT NULL,
  PRIMARY KEY (`id`)
) ENGINE=InnoDB DEFAULT CHARSET=latin1 AUTO_INCREMENT=1 ;

-- --------------------------------------------------------

--
-- Table structure for table `onboard_category`
--

CREATE TABLE IF NOT EXISTS `onboard_category` (
  `cat_id` int(11) NOT NULL AUTO_INCREMENT,
  `name` varchar(200) NOT NULL,
  `cat_desc` varchar(250) NOT NULL,
  `cat_icon` varchar(200) NOT NULL,
  `parent` int(11) NOT NULL,
  `user_id` int(11) NOT NULL,
  `site_id` int(11) NOT NULL,
  `status` int(11) NOT NULL,
  `created` timestamp NOT NULL DEFAULT CURRENT_TIMESTAMP,
  PRIMARY KEY (`cat_id`)
) ENGINE=InnoDB  DEFAULT CHARSET=latin1 AUTO_INCREMENT=5 ;

--
-- Dumping data for table `onboard_category`
--

INSERT INTO `onboard_category` (`cat_id`, `name`, `cat_desc`, `cat_icon`, `parent`, `user_id`, `site_id`, `status`, `created`) VALUES
(1, 'Movies', ' Full movies', '', 0, 1, 2, 1, '2016-09-18 15:53:14'),
(2, 'Action', ' Full movies', '', 1, 1, 2, 1, '2016-09-18 15:53:29'),
(3, 'Romance', ' Full movies', '', 1, 1, 2, 1, '2016-09-18 15:53:38'),
(4, 'Drama', 'Drama', '', 0, 1, 2, 1, '2016-09-28 13:06:30');

-- --------------------------------------------------------

--
-- Table structure for table `onboard_cat_media`
--

CREATE TABLE IF NOT EXISTS `onboard_cat_media` (
  `media_id` int(11) NOT NULL,
  `cat_id` int(11) NOT NULL
) ENGINE=InnoDB DEFAULT CHARSET=latin1;

--
-- Dumping data for table `onboard_cat_media`
--

INSERT INTO `onboard_cat_media` (`media_id`, `cat_id`) VALUES
(1, 1),
(1, 2),
(1, 3),
(2, 2),
(3, 2),
(4, 3),
(5, 3),
(6, 2),
(7, 3),
(9, 2),
(10, 2),
(11, 2),
(12, 2),
(12, 3),
(13, 2),
(14, 2),
(15, 2),
(16, 3),
(16, 4),
(17, 3),
(17, 4),
(18, 3),
(18, 4),
(19, 4),
(20, 3),
(20, 4),
(21, 3),
(21, 4),
(22, 3),
(23, 4),
(24, 3),
(24, 4),
(25, 3),
(25, 4),
(26, 3),
(27, 3),
(27, 4);

-- --------------------------------------------------------

--
-- Table structure for table `onboard_media`
--

CREATE TABLE IF NOT EXISTS `onboard_media` (
  `media_id` int(11) NOT NULL AUTO_INCREMENT,
  `type` varchar(20) NOT NULL,
  `title` varchar(50) NOT NULL,
  `description` text NOT NULL,
  `media_file` varchar(200) NOT NULL,
  `poster` varchar(200) NOT NULL,
  `thumbnail` varchar(200) NOT NULL,
  `categories` text NOT NULL,
  `tags` varchar(200) NOT NULL,
  `user_id` int(11) NOT NULL,
  `status` int(11) NOT NULL,
  `uploaded_date` timestamp NOT NULL DEFAULT CURRENT_TIMESTAMP,
  `site_id` int(11) NOT NULL,
  `views` int(11) NOT NULL,
  PRIMARY KEY (`media_id`)
) ENGINE=InnoDB  DEFAULT CHARSET=latin1 AUTO_INCREMENT=28 ;

--
-- Dumping data for table `onboard_media`
--

INSERT INTO `onboard_media` (`media_id`, `type`, `title`, `description`, `media_file`, `poster`, `thumbnail`, `categories`, `tags`, `user_id`, `status`, `uploaded_date`, `site_id`, `views`) VALUES
(1, '', 'The standard method 120', 'The standard method', 'https://isspbucket.s3-ap-southeast-1.amazonaws.com/inventiv-client-1%2FMax+Steel+Official+Trailer+1+%282016%29+-+Superhero+Movie.mp4', 'https://isspbucket.s3-ap-southeast-1.amazonaws.com/inventiv-client-1/10807831_10152759233398400_1302067026_n.jpg', 'https://isspbucket.s3-ap-southeast-1.amazonaws.com/inventiv-client-1/web_hi_res_512.png', '[]', '', 1, 0, '2016-09-18 15:57:19', 2, 0),
(2, '', 'This function has been', 'This function has been', 'https://isspbucket.s3-ap-southeast-1.amazonaws.com/inventiv-client-1%2FMax+Steel+Official+Trailer+1+%282016%29+-+Superhero+Movie.mp4', 'https://isspbucket.s3-ap-southeast-1.amazonaws.com/inventiv-client-1/images-2.jpeg', 'https://isspbucket.s3-ap-southeast-1.amazonaws.com/inventiv-client-1/images-2.jpeg', '["2"]', '', 1, 0, '2016-09-18 16:56:15', 2, 0),
(3, '', 'Underworld 2017', 'Underworld 2017', 'https://isspbucket.s3-ap-southeast-1.amazonaws.com/inventiv-client-1%2FUnderworld+Blood+Wars+Official+Trailer+1+%282016%29+-+Kate+Beckinsale+Movie.mp4', 'https://isspbucket.s3-ap-southeast-1.amazonaws.com/inventiv-client-1/10807831_10152759233398400_1302067026_n.jpg', 'https://isspbucket.s3-ap-southeast-1.amazonaws.com/inventiv-client-1/10805468_10152759233478400_1135302857_n.jpg', '["2"]', '', 1, 0, '2016-09-18 17:08:05', 2, 0),
(4, '', 'Method has been called', 'Method has been called', 'https://isspbucket.s3-ap-southeast-1.amazonaws.com/inventiv-client-1%2FUnderworld+Blood+Wars+Official+Trailer+1+%282016%29+-+Kate+Beckinsale+Movie.mp4', 'https://isspbucket.s3-ap-southeast-1.amazonaws.com/inventiv-client-1/images-2.jpeg', 'https://isspbucket.s3-ap-southeast-1.amazonaws.com/inventiv-client-1/grey_new_seo-35-128.png', '["3"]', '', 1, 0, '2016-09-18 17:11:25', 2, 0),
(5, '', 'Method has been called part 2', 'Method has been called', '', '', '', '[]', '', 1, 0, '2016-09-18 17:12:43', 2, 0),
(6, '', 'MOvie sample 1', 'MOvie sample 1', 'https://isspbucket.s3-ap-southeast-1.amazonaws.com/inventiv-client-1%2Ff4bcfdfcb69688fe1f0613c1eb3adb5b.mp4', 'https://isspbucket.s3-ap-southeast-1.amazonaws.com/inventiv-client-1/dc78d13a95344a4147b0b2657c851cda.png', 'https://isspbucket.s3-ap-southeast-1.amazonaws.com/inventiv-client-1/e7941ea6b35d963cbce86f15949380c3.png', '["2"]', '', 1, 0, '2016-09-28 09:58:07', 2, 0),
(7, '', 'MOvie sample 2', 'MOvie sample 2', 'https://isspbucket.s3-ap-southeast-1.amazonaws.com/inventiv-client-1/7775f8a6c8f6e81cfd49d453c01e4216.mp4', 'https://isspbucket.s3-ap-southeast-1.amazonaws.com/inventiv-client-1/37e2b52f19da778fba43ab3c1897f840.png', 'https://isspbucket.s3-ap-southeast-1.amazonaws.com/inventiv-client-1/b9fb9d37bdf15a699bc071ce49baea53.jpg', '["3"]', '', 1, 0, '2016-09-28 09:59:01', 2, 0),
(8, '', 'Untraceable', 'FBI agent Jennifer Marsh is tasked with hunting down a seemingly untraceable serial killer who posts live videos of his victims on the Internet. As time runs out, the cat and mouse chase becomes more personal.', 'https://isspbucket.s3-ap-southeast-1.amazonaws.com/inventiv-client-1%2F096f5eed0a482a3332bb9a650cc5c2d4.mp4', 'https://isspbucket.s3-ap-southeast-1.amazonaws.com/inventiv-client-1/fca311a46e4bd83b21be4aff84a8307c.jpg', 'https://isspbucket.s3-ap-southeast-1.amazonaws.com/inventiv-client-1/fca311a46e4bd83b21be4aff84a8307c.jpg', '[]', '', 1, 1, '2016-09-28 13:11:12', 2, 0),
(9, '', 'Unknown', 'A man awakens from a coma, only to discover that someone has taken on his identity and that no one, (not even his wife), believes him. With the help of a young woman, he sets out to prove who he is.', 'https://isspbucket.s3-ap-southeast-1.amazonaws.com/inventiv-client-1%2F117aa6cc27ef9d7eabf0ffc9a083ce1b.mp4', 'https://isspbucket.s3-ap-southeast-1.amazonaws.com/inventiv-client-1/61968aacdd879fa0ede500809bbc79b5.jpg', 'https://isspbucket.s3-ap-southeast-1.amazonaws.com/inventiv-client-1/61968aacdd879fa0ede500809bbc79b5.jpg', '["2"]', '', 1, 1, '2016-09-28 13:12:58', 2, 13),
(10, '', 'Transcendence ', '\n\nA scientists drive for artificial intelligence, takes on dangerous implications when his consciousness is uploaded into one such program.\n', '', '', '', '["2"]', '', 1, 0, '2016-09-28 13:13:11', 2, 0),
(11, '', 'Transcendence', '\n\nA scientists drive for artificial intelligence, takes on dangerous implications when his consciousness is uploaded into one such program.\n', 'https://isspbucket.s3-ap-southeast-1.amazonaws.com/inventiv-client-1%2F511c9a68e3a3c7466bb9554d32348cfa.mp4', 'https://isspbucket.s3-ap-southeast-1.amazonaws.com/inventiv-client-1/adcb6c672898df1f9e304c434b4dc428.jpg', 'https://isspbucket.s3-ap-southeast-1.amazonaws.com/inventiv-client-1/adcb6c672898df1f9e304c434b4dc428.jpg', '["2"]', '', 1, 1, '2016-09-28 13:19:30', 2, 8),
(12, '', 'The Tourist ', '\n\nRevolves around Frank, an American tourist visiting Italy to mend a broken heart. Elise is an extraordinary woman who deliberately crosses his path.\n', 'https://isspbucket.s3-ap-southeast-1.amazonaws.com/inventiv-client-1%2F6dee396db3d251912f50809afd96d924.mp4', 'https://isspbucket.s3-ap-southeast-1.amazonaws.com/inventiv-client-1/f05db62125cee1c1ebfc63102887fd44.jpg', 'https://isspbucket.s3-ap-southeast-1.amazonaws.com/inventiv-client-1/f05db62125cee1c1ebfc63102887fd44.jpg', '["2","3"]', '', 1, 1, '2016-09-28 13:21:47', 2, 18),
(13, '', 'Noah', '\n\nA man is chosen by his worlds creator to undertake a momentous mission before an apocalyptic flood cleanses the world.\n', 'https://isspbucket.s3-ap-southeast-1.amazonaws.com/inventiv-client-1%2F51fe71b8da95a77bd7cdcc052fd9a6cd.mp4', 'https://isspbucket.s3-ap-southeast-1.amazonaws.com/inventiv-client-1/7ff95f00d19063936ae49ab333821b7e.jpg', 'https://isspbucket.s3-ap-southeast-1.amazonaws.com/inventiv-client-1/7ff95f00d19063936ae49ab333821b7e.jpg', '["2"]', '', 1, 1, '2016-09-28 13:26:12', 2, 4),
(14, '', ' Jack Reacher Never Go Back ', '\n\nSet four years since the events of the first film, Jack Reacher is returning to the headquarters of his old military unit. He is now accused of a 16-year-old homicide, and finds out that it is only a part of something bigger than he thought befor', 'https://isspbucket.s3-ap-southeast-1.amazonaws.com/inventiv-client-1%2Fba5a6ac09287b3779fc2d4c327e19757.mp4', 'https://isspbucket.s3-ap-southeast-1.amazonaws.com/inventiv-client-1/984926a041831c746ad5f4b45533d161.jpg', 'https://isspbucket.s3-ap-southeast-1.amazonaws.com/inventiv-client-1/984926a041831c746ad5f4b45533d161.jpg', '["2"]', '', 1, 1, '2016-09-28 13:28:43', 2, 0),
(15, '', 'Escape Plan ', '\n\nWhen a structural-security authority finds himself set up and incarcerated in the worlds most secret and secure prison, he has to use his skills to escape with help from the inside.', 'https://isspbucket.s3-ap-southeast-1.amazonaws.com/inventiv-client-1%2Fe0e32c085d85affd8e05bcaf475d8470.mp4', 'https://isspbucket.s3-ap-southeast-1.amazonaws.com/inventiv-client-1/6c87e382d9e4824d1a9d904e3664da44.jpg', 'https://isspbucket.s3-ap-southeast-1.amazonaws.com/inventiv-client-1/6c87e382d9e4824d1a9d904e3664da44.jpg', '["2"]', '', 1, 1, '2016-09-28 13:30:53', 2, 0),
(16, '', 'Titanic ', '\n\nA seventeen-year-old aristocrat falls in love with a kind but poor artist aboard the luxurious, ill-fated R.M.S. Titanic.\n', 'https://isspbucket.s3-ap-southeast-1.amazonaws.com/inventiv-client-1%2F8cc86cde3856deae31802c770759a350.mp4', 'https://isspbucket.s3-ap-southeast-1.amazonaws.com/inventiv-client-1/45f86fe81da31f9e22c3f5e7f4ba8f84.jpg', 'https://isspbucket.s3-ap-southeast-1.amazonaws.com/inventiv-client-1/45f86fe81da31f9e22c3f5e7f4ba8f84.jpg', '["3","4"]', '', 1, 1, '2016-09-28 13:33:09', 2, 1),
(17, '', 'The Notebook ', '\n\nA poor and passionate young man falls in love with a rich young woman and gives her a sense of freedom. They soon are separated by their social differences.\n', 'https://isspbucket.s3-ap-southeast-1.amazonaws.com/inventiv-client-1%2F9d6116229cc46c729587e1f48e8ad299.mp4', 'https://isspbucket.s3-ap-southeast-1.amazonaws.com/inventiv-client-1/702b3abbda4f983f4da835b71c6985c9.jpg', 'https://isspbucket.s3-ap-southeast-1.amazonaws.com/inventiv-client-1/702b3abbda4f983f4da835b71c6985c9.jpg', '["3","4"]', '', 1, 1, '2016-09-28 13:34:52', 2, 2),
(18, '', 'Best of me', '\n\nA pair of former high school sweethearts reunite after many years when they return to visit their small hometown.\n', 'https://isspbucket.s3-ap-southeast-1.amazonaws.com/inventiv-client-1%2F179a2d31b34b6937cabd8653b68abdcc.mp4', 'https://isspbucket.s3-ap-southeast-1.amazonaws.com/inventiv-client-1/5b621dc6089d618eb8fb57a8d7e5bbe2.jpg', 'https://isspbucket.s3-ap-southeast-1.amazonaws.com/inventiv-client-1/5b621dc6089d618eb8fb57a8d7e5bbe2.jpg', '["3","4"]', '', 1, 1, '2016-09-28 13:36:27', 2, 2),
(19, '', 'Saving Private Ryan', '\n\nFollowing the Normandy Landings, a group of U.S. soldiers go behind enemy lines to retrieve a paratrooper whose brothers have been killed in action.\n', 'https://isspbucket.s3-ap-southeast-1.amazonaws.com/inventiv-client-1%2Fa9a6c0729467f2d23384f8d03f503e5c.mp4', 'https://isspbucket.s3-ap-southeast-1.amazonaws.com/inventiv-client-1/3c2b4ed742d0a67ba7121889dd8ecf28.jpg', 'https://isspbucket.s3-ap-southeast-1.amazonaws.com/inventiv-client-1/3c2b4ed742d0a67ba7121889dd8ecf28.jpg', '["4"]', '', 1, 1, '2016-09-28 13:38:26', 2, 1),
(20, '', 'Last Chance Harvey', '\n\nIn London for his daughters wedding, a rumpled man finds his romantic spirits lifted by a new woman in his life.\n', 'https://isspbucket.s3-ap-southeast-1.amazonaws.com/inventiv-client-1%2F69e85a0074005ffb596ab632dbd4b93e.mp4', 'https://isspbucket.s3-ap-southeast-1.amazonaws.com/inventiv-client-1/01a69e052e0c7b520f53b3f7a2a8f52e.jpg', 'https://isspbucket.s3-ap-southeast-1.amazonaws.com/inventiv-client-1/01a69e052e0c7b520f53b3f7a2a8f52e.jpg', '["3","4"]', '', 1, 1, '2016-09-28 13:39:42', 2, 2),
(21, '', 'Dear John', '\n\nA romantic drama about a soldier who falls for a conservative college student while hes home on leave.\n', 'https://isspbucket.s3-ap-southeast-1.amazonaws.com/inventiv-client-1%2F81101341e9addfa7ff72fa92e8e7ca77.mp4', 'https://isspbucket.s3-ap-southeast-1.amazonaws.com/inventiv-client-1/1500e3f730a38ba1b0d52da95e2eb465.jpg', 'https://isspbucket.s3-ap-southeast-1.amazonaws.com/inventiv-client-1/1500e3f730a38ba1b0d52da95e2eb465.jpg', '["3","4"]', '', 1, 1, '2016-09-28 13:41:00', 2, 6),
(22, '', 'Definitely, Maybe', '\n\nA political consultant tries to explain his impending divorce and past relationships to his 11-year-old daughter.\n', 'https://isspbucket.s3-ap-southeast-1.amazonaws.com/inventiv-client-1%2F6b28e9e01cd6c5e3f7bb04adf734f677.mp4', 'https://isspbucket.s3-ap-southeast-1.amazonaws.com/inventiv-client-1/8b47844d05e3452f3a6f2b3df2ee1487.jpg', 'https://isspbucket.s3-ap-southeast-1.amazonaws.com/inventiv-client-1/8b47844d05e3452f3a6f2b3df2ee1487.jpg', '["3"]', '', 1, 1, '2016-09-28 13:52:00', 2, 2),
(23, '', 'Captain Philips', '\n\nThe true story of Captain Richard Phillips and the 2009 hijacking by Somali pirates of the US-flagged MV Maersk Alabama, the first American cargo ship to be hijacked in two hundred years.', 'https://isspbucket.s3-ap-southeast-1.amazonaws.com/inventiv-client-1%2Fd91342c51f80b96185c32316f1e7c5a6.mp4', 'https://isspbucket.s3-ap-southeast-1.amazonaws.com/inventiv-client-1/30f887e9f75ce85b3071d0a89c0074c5.jpg', 'https://isspbucket.s3-ap-southeast-1.amazonaws.com/inventiv-client-1/30f887e9f75ce85b3071d0a89c0074c5.jpg', '["4"]', '', 1, 1, '2016-09-28 13:53:21', 2, 2),
(24, '', 'A walk to remember', '\n\nThe story of two North Carolina teens, Landon Carter and Jamie Sullivan, who are thrown together after Landon gets into trouble and is made to do community service.\n', 'https://isspbucket.s3-ap-southeast-1.amazonaws.com/inventiv-client-1%2Feffb53398f24466a54be5092f98f0bf1.mp4', 'https://isspbucket.s3-ap-southeast-1.amazonaws.com/inventiv-client-1/86bb2415943dec48eb313fe70a9a6676.jpg', 'https://isspbucket.s3-ap-southeast-1.amazonaws.com/inventiv-client-1/86bb2415943dec48eb313fe70a9a6676.jpg', '["3","4"]', '', 1, 1, '2016-09-28 13:56:36', 2, 1),
(25, '', 'The Fault In Our Stars', '\n\nTwo teenage cancer patients begin a life-affirming journey to visit a reclusive author in Amsterdam.\n', 'https://isspbucket.s3-ap-southeast-1.amazonaws.com/inventiv-client-1%2F14430c36681abdc0083401213cd86e10.mp4', 'https://isspbucket.s3-ap-southeast-1.amazonaws.com/inventiv-client-1/67036ad4cfbfde7590e1ebe7f65569c9.jpg', 'https://isspbucket.s3-ap-southeast-1.amazonaws.com/inventiv-client-1/67036ad4cfbfde7590e1ebe7f65569c9.jpg', '["3","4"]', '', 1, 1, '2016-09-28 13:58:06', 2, 0),
(26, '', 'The Proposal', '\n\nA pushy boss forces her young assistant to marry her in order to keep her Visa status in the U.S. and avoid deportation to Canada.\n', 'https://isspbucket.s3-ap-southeast-1.amazonaws.com/inventiv-client-1%2F77ea52a3a9e767d84b507dfea7c68ab3.mp4', 'https://isspbucket.s3-ap-southeast-1.amazonaws.com/inventiv-client-1/1c8178d0e95dd196f0d1c823f4dbfcb0.jpg', 'https://isspbucket.s3-ap-southeast-1.amazonaws.com/inventiv-client-1/1c8178d0e95dd196f0d1c823f4dbfcb0.jpg', '["3"]', '', 1, 1, '2016-09-28 15:03:54', 2, 1),
(27, '', 'The Longest Ride', '\n\nThe lives of a young couple intertwine with a much older man, as he reflects back on a past love.\n', 'https://isspbucket.s3-ap-southeast-1.amazonaws.com/inventiv-client-1%2F78f332348642f5aa6da39c76240eeea5.mp4', 'https://isspbucket.s3-ap-southeast-1.amazonaws.com/inventiv-client-1/6fd4b8e189064c074bee218ed88de315.jpg', 'https://isspbucket.s3-ap-southeast-1.amazonaws.com/inventiv-client-1/6fd4b8e189064c074bee218ed88de315.jpg', '["3","4"]', '', 1, 1, '2016-09-28 15:07:11', 2, 0);

-- --------------------------------------------------------

--
-- Table structure for table `onboard_media_logs`
--

CREATE TABLE IF NOT EXISTS `onboard_media_logs` (
  `media_id` int(11) NOT NULL,
  `agent` varchar(200) NOT NULL,
  `viewer_id` int(11) NOT NULL,
  `log_time` timestamp NOT NULL DEFAULT CURRENT_TIMESTAMP,
  `site` varchar(100) NOT NULL
) ENGINE=InnoDB DEFAULT CHARSET=latin1;

--
-- Dumping data for table `onboard_media_logs`
--

INSERT INTO `onboard_media_logs` (`media_id`, `agent`, `viewer_id`, `log_time`, `site`) VALUES
(12, 'Mozilla/5.0 (Windows NT 6.3; Win64; x64) AppleWebKit/537.36 (KHTML, like Gecko) Chrome/53.0.2785.116 Safari/537.36', 0, '2016-09-28 15:02:59', ''),
(9, 'Mozilla/5.0 (Windows NT 6.3; Win64; x64) AppleWebKit/537.36 (KHTML, like Gecko) Chrome/53.0.2785.116 Safari/537.36', 0, '2016-09-28 15:02:59', ''),
(9, 'Mozilla/5.0 (Windows NT 6.3; Win64; x64) AppleWebKit/537.36 (KHTML, like Gecko) Chrome/53.0.2785.116 Safari/537.36', 0, '2016-09-28 15:02:59', ''),
(12, 'Mozilla/5.0 (Windows NT 6.3; Win64; x64) AppleWebKit/537.36 (KHTML, like Gecko) Chrome/53.0.2785.116 Safari/537.36', 0, '2016-09-28 15:03:00', ''),
(9, 'Mozilla/5.0 (Windows NT 6.3; Win64; x64) AppleWebKit/537.36 (KHTML, like Gecko) Chrome/53.0.2785.116 Safari/537.36', 0, '2016-09-28 15:03:00', ''),
(13, 'Mozilla/5.0 (Windows NT 6.3; Win64; x64) AppleWebKit/537.36 (KHTML, like Gecko) Chrome/53.0.2785.116 Safari/537.36', 0, '2016-09-28 15:03:00', ''),
(12, 'Mozilla/5.0 (Linux; Android 6.0; Nexus 5 Build/MRA58N) AppleWebKit/537.36 (KHTML, like Gecko) Chrome/46.0.2490.76 Mobile Safari/537.36', 0, '2016-09-28 15:03:00', ''),
(11, 'Mozilla/5.0 (Linux; Android 6.0; Nexus 5 Build/MRA58N) AppleWebKit/537.36 (KHTML, like Gecko) Chrome/46.0.2490.76 Mobile Safari/537.36', 0, '2016-09-28 15:03:00', ''),
(12, 'Mozilla/5.0 (Linux; Android 6.0; Nexus 5 Build/MRA58N) AppleWebKit/537.36 (KHTML, like Gecko) Chrome/46.0.2490.76 Mobile Safari/537.36', 0, '2016-09-28 15:03:00', ''),
(11, 'Mozilla/5.0 (Linux; Android 6.0; Nexus 5 Build/MRA58N) AppleWebKit/537.36 (KHTML, like Gecko) Chrome/46.0.2490.76 Mobile Safari/537.36', 0, '2016-09-28 15:03:01', ''),
(12, 'Mozilla/5.0 (Windows NT 6.3; Win64; x64) AppleWebKit/537.36 (KHTML, like Gecko) Chrome/53.0.2785.116 Safari/537.36', 0, '2016-09-28 15:04:25', ''),
(9, 'Mozilla/5.0 (Windows NT 6.3; Win64; x64) AppleWebKit/537.36 (KHTML, like Gecko) Chrome/53.0.2785.116 Safari/537.36', 0, '2016-09-28 15:04:25', ''),
(9, 'Mozilla/5.0 (Windows NT 6.3; Win64; x64) AppleWebKit/537.36 (KHTML, like Gecko) Chrome/53.0.2785.116 Safari/537.36', 0, '2016-09-28 15:04:25', ''),
(12, 'Mozilla/5.0 (Windows NT 6.3; Win64; x64) AppleWebKit/537.36 (KHTML, like Gecko) Chrome/53.0.2785.116 Safari/537.36', 0, '2016-09-28 15:04:25', ''),
(9, 'Mozilla/5.0 (Windows NT 6.3; Win64; x64) AppleWebKit/537.36 (KHTML, like Gecko) Chrome/53.0.2785.116 Safari/537.36', 0, '2016-09-28 15:04:25', ''),
(13, 'Mozilla/5.0 (Windows NT 6.3; Win64; x64) AppleWebKit/537.36 (KHTML, like Gecko) Chrome/53.0.2785.116 Safari/537.36', 0, '2016-09-28 15:04:25', ''),
(12, 'Mozilla/5.0 (Linux; Android 6.0; Nexus 5 Build/MRA58N) AppleWebKit/537.36 (KHTML, like Gecko) Chrome/46.0.2490.76 Mobile Safari/537.36', 0, '2016-09-28 15:04:26', ''),
(11, 'Mozilla/5.0 (Linux; Android 6.0; Nexus 5 Build/MRA58N) AppleWebKit/537.36 (KHTML, like Gecko) Chrome/46.0.2490.76 Mobile Safari/537.36', 0, '2016-09-28 15:04:26', ''),
(12, 'Mozilla/5.0 (Linux; Android 6.0; Nexus 5 Build/MRA58N) AppleWebKit/537.36 (KHTML, like Gecko) Chrome/46.0.2490.76 Mobile Safari/537.36', 0, '2016-09-28 15:04:26', ''),
(11, 'Mozilla/5.0 (Linux; Android 6.0; Nexus 5 Build/MRA58N) AppleWebKit/537.36 (KHTML, like Gecko) Chrome/46.0.2490.76 Mobile Safari/537.36', 0, '2016-09-28 15:04:26', ''),
(12, 'Mozilla/5.0 (Windows NT 6.3; Win64; x64) AppleWebKit/537.36 (KHTML, like Gecko) Chrome/53.0.2785.116 Safari/537.36', 0, '2016-09-28 15:05:08', 'tag9000'),
(9, 'Mozilla/5.0 (Windows NT 6.3; Win64; x64) AppleWebKit/537.36 (KHTML, like Gecko) Chrome/53.0.2785.116 Safari/537.36', 0, '2016-09-28 15:05:08', 'tag9000'),
(9, 'Mozilla/5.0 (Windows NT 6.3; Win64; x64) AppleWebKit/537.36 (KHTML, like Gecko) Chrome/53.0.2785.116 Safari/537.36', 0, '2016-09-28 15:05:08', 'tag9000'),
(12, 'Mozilla/5.0 (Windows NT 6.3; Win64; x64) AppleWebKit/537.36 (KHTML, like Gecko) Chrome/53.0.2785.116 Safari/537.36', 0, '2016-09-28 15:05:08', 'tag9000'),
(9, 'Mozilla/5.0 (Windows NT 6.3; Win64; x64) AppleWebKit/537.36 (KHTML, like Gecko) Chrome/53.0.2785.116 Safari/537.36', 0, '2016-09-28 15:05:08', 'tag9000'),
(13, 'Mozilla/5.0 (Windows NT 6.3; Win64; x64) AppleWebKit/537.36 (KHTML, like Gecko) Chrome/53.0.2785.116 Safari/537.36', 0, '2016-09-28 15:05:08', 'tag9000'),
(12, 'Mozilla/5.0 (Linux; Android 6.0; Nexus 5 Build/MRA58N) AppleWebKit/537.36 (KHTML, like Gecko) Chrome/46.0.2490.76 Mobile Safari/537.36', 0, '2016-09-28 15:05:09', 'tag9000'),
(11, 'Mozilla/5.0 (Linux; Android 6.0; Nexus 5 Build/MRA58N) AppleWebKit/537.36 (KHTML, like Gecko) Chrome/46.0.2490.76 Mobile Safari/537.36', 0, '2016-09-28 15:05:09', 'tag9000'),
(12, 'Mozilla/5.0 (Linux; Android 6.0; Nexus 5 Build/MRA58N) AppleWebKit/537.36 (KHTML, like Gecko) Chrome/46.0.2490.76 Mobile Safari/537.36', 0, '2016-09-28 15:05:09', 'tag9000'),
(11, 'Mozilla/5.0 (Linux; Android 6.0; Nexus 5 Build/MRA58N) AppleWebKit/537.36 (KHTML, like Gecko) Chrome/46.0.2490.76 Mobile Safari/537.36', 0, '2016-09-28 15:05:09', 'tag9000'),
(12, 'Mozilla/5.0 (Windows NT 6.3; Win64; x64) AppleWebKit/537.36 (KHTML, like Gecko) Chrome/53.0.2785.116 Safari/537.36', 0, '2016-09-28 15:05:39', 'tag9000'),
(9, 'Mozilla/5.0 (Windows NT 6.3; Win64; x64) AppleWebKit/537.36 (KHTML, like Gecko) Chrome/53.0.2785.116 Safari/537.36', 0, '2016-09-28 15:05:39', 'tag9000'),
(9, 'Mozilla/5.0 (Windows NT 6.3; Win64; x64) AppleWebKit/537.36 (KHTML, like Gecko) Chrome/53.0.2785.116 Safari/537.36', 0, '2016-09-28 15:05:39', 'tag9000'),
(12, 'Mozilla/5.0 (Windows NT 6.3; Win64; x64) AppleWebKit/537.36 (KHTML, like Gecko) Chrome/53.0.2785.116 Safari/537.36', 0, '2016-09-28 15:05:39', 'tag9000'),
(9, 'Mozilla/5.0 (Windows NT 6.3; Win64; x64) AppleWebKit/537.36 (KHTML, like Gecko) Chrome/53.0.2785.116 Safari/537.36', 0, '2016-09-28 15:05:39', 'tag9000'),
(13, 'Mozilla/5.0 (Windows NT 6.3; Win64; x64) AppleWebKit/537.36 (KHTML, like Gecko) Chrome/53.0.2785.116 Safari/537.36', 0, '2016-09-28 15:05:40', 'tag9000'),
(12, 'Mozilla/5.0 (Linux; Android 6.0; Nexus 5 Build/MRA58N) AppleWebKit/537.36 (KHTML, like Gecko) Chrome/46.0.2490.76 Mobile Safari/537.36', 0, '2016-09-28 15:05:40', 'tag9000'),
(11, 'Mozilla/5.0 (Linux; Android 6.0; Nexus 5 Build/MRA58N) AppleWebKit/537.36 (KHTML, like Gecko) Chrome/46.0.2490.76 Mobile Safari/537.36', 0, '2016-09-28 15:05:40', 'tag9000'),
(12, 'Mozilla/5.0 (Linux; Android 6.0; Nexus 5 Build/MRA58N) AppleWebKit/537.36 (KHTML, like Gecko) Chrome/46.0.2490.76 Mobile Safari/537.36', 0, '2016-09-28 15:05:40', 'tag9000'),
(11, 'Mozilla/5.0 (Linux; Android 6.0; Nexus 5 Build/MRA58N) AppleWebKit/537.36 (KHTML, like Gecko) Chrome/46.0.2490.76 Mobile Safari/537.36', 0, '2016-09-28 15:05:40', 'tag9000'),
(18, 'Mozilla/5.0 (Windows NT 6.3; Win64; x64) AppleWebKit/537.36 (KHTML, like Gecko) Chrome/53.0.2785.116 Safari/537.36', 0, '2016-09-28 15:22:36', 'tag9000'),
(21, 'Mozilla/5.0 (Windows NT 6.3; Win64; x64) AppleWebKit/537.36 (KHTML, like Gecko) Chrome/53.0.2785.116 Safari/537.36', 0, '2016-09-28 15:22:36', 'tag9000'),
(17, 'Mozilla/5.0 (Linux; Android 6.0.1; SM-G925F Build/MMB29K) AppleWebKit/537.36 (KHTML, like Gecko) Chrome/53.0.2785.124 Mobile Safari/537.36', 0, '2016-09-28 15:22:36', 'tag9000'),
(26, 'Mozilla/5.0 (Linux; Android 6.0.1; SM-G925F Build/MMB29K) AppleWebKit/537.36 (KHTML, like Gecko) Chrome/53.0.2785.124 Mobile Safari/537.36', 0, '2016-09-28 15:22:37', 'tag9000'),
(12, 'Mozilla/5.0 (Linux; Android 5.1.1; SM-N910C Build/LMY47X) AppleWebKit/537.36 (KHTML, like Gecko) Chrome/53.0.2785.124 Mobile Safari/537.36', 0, '2016-09-29 03:21:56', 'tag9000'),
(18, 'Mozilla/5.0 (X11; Linux x86_64) AppleWebKit/537.36 (KHTML, like Gecko) Chrome/53.0.2785.116 Safari/537.36', 0, '2016-09-29 06:51:56', 'tag9000'),
(22, 'Mozilla/5.0 (X11; Linux x86_64) AppleWebKit/537.36 (KHTML, like Gecko) Chrome/53.0.2785.116 Safari/537.36', 0, '2016-09-29 06:51:56', 'tag9000'),
(23, 'Mozilla/5.0 (X11; Linux x86_64) AppleWebKit/537.36 (KHTML, like Gecko) Chrome/53.0.2785.116 Safari/537.36', 0, '2016-09-29 06:51:57', 'tag9000'),
(22, 'Mozilla/5.0 (X11; Linux x86_64) AppleWebKit/537.36 (KHTML, like Gecko) Chrome/53.0.2785.116 Safari/537.36', 0, '2016-09-29 06:51:57', 'tag9000'),
(9, 'Mozilla/5.0 (X11; Linux x86_64) AppleWebKit/537.36 (KHTML, like Gecko) Chrome/53.0.2785.116 Safari/537.36', 0, '2016-09-29 06:51:57', 'tag9000'),
(17, 'Mozilla/5.0 (X11; Linux x86_64) AppleWebKit/537.36 (KHTML, like Gecko) Chrome/53.0.2785.116 Safari/537.36', 0, '2016-09-29 06:51:57', 'tag9000'),
(21, 'Mozilla/5.0 (X11; Linux x86_64) AppleWebKit/537.36 (KHTML, like Gecko) Chrome/53.0.2785.116 Safari/537.36', 0, '2016-09-29 06:51:57', 'tag9000'),
(21, 'Mozilla/5.0 (X11; Linux x86_64) AppleWebKit/537.36 (KHTML, like Gecko) Chrome/53.0.2785.116 Safari/537.36', 0, '2016-09-29 06:51:57', 'tag9000'),
(20, 'Mozilla/5.0 (X11; Linux x86_64) AppleWebKit/537.36 (KHTML, like Gecko) Chrome/53.0.2785.116 Safari/537.36', 0, '2016-09-29 06:51:57', 'tag9000'),
(12, 'Mozilla/5.0 (X11; Linux x86_64) AppleWebKit/537.36 (KHTML, like Gecko) Chrome/53.0.2785.116 Safari/537.36', 0, '2016-09-29 06:51:58', 'tag9000'),
(23, 'Mozilla/5.0 (X11; Linux x86_64) AppleWebKit/537.36 (KHTML, like Gecko) Chrome/53.0.2785.116 Safari/537.36', 0, '2016-09-29 06:51:58', 'tag9000'),
(19, 'Mozilla/5.0 (X11; Linux x86_64) AppleWebKit/537.36 (KHTML, like Gecko) Chrome/53.0.2785.116 Safari/537.36', 0, '2016-09-29 06:51:58', 'tag9000'),
(20, 'Mozilla/5.0 (X11; Linux x86_64) AppleWebKit/537.36 (KHTML, like Gecko) Chrome/53.0.2785.116 Safari/537.36', 0, '2016-09-29 06:51:58', 'tag9000'),
(21, 'Mozilla/5.0 (X11; Linux x86_64) AppleWebKit/537.36 (KHTML, like Gecko) Chrome/53.0.2785.116 Safari/537.36', 0, '2016-09-29 06:51:58', 'tag9000'),
(16, 'Mozilla/5.0 (X11; Linux x86_64) AppleWebKit/537.36 (KHTML, like Gecko) Chrome/53.0.2785.116 Safari/537.36', 0, '2016-09-29 06:51:58', 'tag9000'),
(21, 'Mozilla/5.0 (X11; Linux x86_64) AppleWebKit/537.36 (KHTML, like Gecko) Chrome/53.0.2785.116 Safari/537.36', 0, '2016-09-29 06:51:59', 'tag9000'),
(21, 'Mozilla/5.0 (X11; Linux x86_64) AppleWebKit/537.36 (KHTML, like Gecko) Chrome/53.0.2785.116 Safari/537.36', 0, '2016-09-29 06:51:59', 'tag9000'),
(24, 'Mozilla/5.0 (X11; Linux x86_64) AppleWebKit/537.36 (KHTML, like Gecko) Chrome/53.0.2785.116 Safari/537.36', 0, '2016-09-29 06:51:59', 'tag9000');

-- --------------------------------------------------------

--
-- Table structure for table `onboard_site`
--

CREATE TABLE IF NOT EXISTS `onboard_site` (
  `site_id` int(11) NOT NULL AUTO_INCREMENT,
  `name` varchar(200) NOT NULL,
  `address` text NOT NULL,
  `contact_person` varchar(120) NOT NULL,
  `contact_number` varchar(20) NOT NULL,
  `user_id` int(11) NOT NULL,
  `status` int(11) NOT NULL,
  `created` timestamp NOT NULL DEFAULT CURRENT_TIMESTAMP,
  `media` text NOT NULL,
  `last_update` timestamp NOT NULL DEFAULT '0000-00-00 00:00:00',
  `logo` varchar(200) NOT NULL,
  `site_key` varchar(20) NOT NULL,
  PRIMARY KEY (`site_id`)
) ENGINE=InnoDB  DEFAULT CHARSET=latin1 AUTO_INCREMENT=5 ;

--
-- Dumping data for table `onboard_site`
--

INSERT INTO `onboard_site` (`site_id`, `name`, `address`, `contact_person`, `contact_number`, `user_id`, `status`, `created`, `media`, `last_update`, `logo`, `site_key`) VALUES
(1, 'DASDDASdasd', 'DSAD', 'SAD', 'DSA', 0, 1, '2016-09-16 07:44:57', '', '0000-00-00 00:00:00', '', ''),
(2, 'Onboard Demo Venue', 'Makati', 'John Doe', '09233434', 1, 1, '2016-09-16 07:46:01', '', '0000-00-00 00:00:00', 'https://isspbucket.s3-ap-southeast-1.amazonaws.com/inventiv-client-1/cfa575bf96a962dfe1cf0ee5f7779d6a.png', 'tag9000'),
(3, 'mall 1', 'addrresr', 'roger', '34567890', 1, 1, '2016-09-16 08:10:34', '', '0000-00-00 00:00:00', '', ''),
(4, 'Stop shop', 'Cavite', 'Orbith', '34567890', 1, 1, '2016-09-16 12:02:38', '', '0000-00-00 00:00:00', '', '');

-- --------------------------------------------------------

--
-- Table structure for table `publisher`
--

CREATE TABLE IF NOT EXISTS `publisher` (
  `publisher_id` int(11) NOT NULL AUTO_INCREMENT,
  `user_id` int(11) NOT NULL,
  `company` varchar(100) NOT NULL,
  `address` varchar(250) NOT NULL,
  `email` varchar(100) NOT NULL,
  `contact` varchar(30) NOT NULL,
  `status` int(11) NOT NULL,
  `created` timestamp NOT NULL DEFAULT CURRENT_TIMESTAMP,
  PRIMARY KEY (`publisher_id`)
) ENGINE=InnoDB DEFAULT CHARSET=latin1 AUTO_INCREMENT=1 ;

-- --------------------------------------------------------

--
-- Table structure for table `schedule`
--

CREATE TABLE IF NOT EXISTS `schedule` (
  `schedule_id` int(11) NOT NULL AUTO_INCREMENT,
  `name` varchar(50) NOT NULL,
  `user_id` int(11) NOT NULL,
  `display_time` varchar(60) NOT NULL,
  PRIMARY KEY (`schedule_id`)
) ENGINE=InnoDB  DEFAULT CHARSET=latin1 AUTO_INCREMENT=2 ;

--
-- Dumping data for table `schedule`
--

INSERT INTO `schedule` (`schedule_id`, `name`, `user_id`, `display_time`) VALUES
(1, 'Video Schedule', 11, '12:15 AM');

-- --------------------------------------------------------

--
-- Table structure for table `schedule_item`
--

CREATE TABLE IF NOT EXISTS `schedule_item` (
  `item_id` int(11) NOT NULL AUTO_INCREMENT,
  `schedule_id` int(11) NOT NULL,
  `campaign_id` int(11) NOT NULL,
  `campaign_name` varchar(100) NOT NULL,
  PRIMARY KEY (`item_id`)
) ENGINE=InnoDB  DEFAULT CHARSET=latin1 AUTO_INCREMENT=3 ;

--
-- Dumping data for table `schedule_item`
--

INSERT INTO `schedule_item` (`item_id`, `schedule_id`, `campaign_id`, `campaign_name`) VALUES
(2, 1, 2, 'Live Camp');

-- --------------------------------------------------------

--
-- Table structure for table `screen`
--

CREATE TABLE IF NOT EXISTS `screen` (
  `screen_id` int(11) NOT NULL AUTO_INCREMENT,
  `license_key` varchar(200) NOT NULL,
  `name` varchar(200) NOT NULL,
  `details` text NOT NULL,
  `user_id` int(11) NOT NULL,
  `group_id` int(11) NOT NULL,
  `status` int(11) NOT NULL,
  `created` timestamp NOT NULL DEFAULT CURRENT_TIMESTAMP,
  `last_up` varchar(50) NOT NULL,
  `cpu` varchar(20) NOT NULL,
  `ram` varchar(20) NOT NULL,
  `bandwidth` varchar(20) NOT NULL,
  `reset` int(11) NOT NULL DEFAULT '0',
  `reboot` int(11) NOT NULL DEFAULT '0',
  `last_update` varchar(60) NOT NULL,
  `update_status` int(11) NOT NULL,
  `template` int(11) NOT NULL,
  `prev_schedule` text NOT NULL,
  `new_schedule` text NOT NULL,
  PRIMARY KEY (`screen_id`)
) ENGINE=InnoDB  DEFAULT CHARSET=latin1 AUTO_INCREMENT=73 ;

--
-- Dumping data for table `screen`
--

INSERT INTO `screen` (`screen_id`, `license_key`, `name`, `details`, `user_id`, `group_id`, `status`, `created`, `last_up`, `cpu`, `ram`, `bandwidth`, `reset`, `reboot`, `last_update`, `update_status`, `template`, `prev_schedule`, `new_schedule`) VALUES
(66, 'udBRbQXzRtO', 'Lobby Screen 1', '', 11, 1, 3, '2016-01-07 04:16:45', '', '', '', '', 0, 0, '', 0, 1, '', ''),
(67, 'Y7FBtXJANmN', 'Screen 1', '', 1, 2, 1, '2016-03-26 09:08:27', '', '', '', '', 0, 0, '', 0, 1, '', '{"zones":["{\\"name\\":\\"zone001\\",\\"timeslot\\":[\\"{\\\\\\"time\\\\\\":\\\\\\"00:00\\\\\\",\\\\\\"campaigns\\\\\\":1}\\"]}","{\\"name\\":\\"zone002\\",\\"timeslot\\":[\\"{\\\\\\"time\\\\\\":\\\\\\"00:00\\\\\\",\\\\\\"campaigns\\\\\\":13}\\"]}","{\\"name\\":\\"zone003\\",\\"timeslot\\":[\\"{\\\\\\"time\\\\\\":\\\\\\"00:00\\\\\\",\\\\\\"campaigns\\\\\\":2}\\"]}","{\\"name\\":\\"zone004\\",\\"timeslot\\":[\\"{\\\\\\"time\\\\\\":\\\\\\"00:00\\\\\\",\\\\\\"campaigns\\\\\\":3}\\"]}","{\\"name\\":\\"zone005\\",\\"timeslot\\":[\\"{\\\\\\"time\\\\\\":\\\\\\"00:00\\\\\\",\\\\\\"campaigns\\\\\\":12}\\"]}"]}'),
(68, 'VkWu1uPZzun', 'Screen 2', '', 1, 2, 1, '2016-03-26 09:08:43', '', '', '', '', 0, 0, '', 0, 1, '', '{"zones":["{\\"name\\":\\"zone001\\",\\"timeslot\\":[\\"{\\\\\\"time\\\\\\":\\\\\\"00:00\\\\\\",\\\\\\"campaigns\\\\\\":1}\\"]}","{\\"name\\":\\"zone002\\",\\"timeslot\\":[\\"{\\\\\\"time\\\\\\":\\\\\\"00:00\\\\\\",\\\\\\"campaigns\\\\\\":13}\\"]}","{\\"name\\":\\"zone003\\",\\"timeslot\\":[\\"{\\\\\\"time\\\\\\":\\\\\\"00:00\\\\\\",\\\\\\"campaigns\\\\\\":3}\\"]}","{\\"name\\":\\"zone004\\",\\"timeslot\\":[\\"{\\\\\\"time\\\\\\":\\\\\\"00:00\\\\\\",\\\\\\"campaigns\\\\\\":2}\\"]}","{\\"name\\":\\"zone005\\",\\"timeslot\\":[\\"{\\\\\\"time\\\\\\":\\\\\\"00:00\\\\\\",\\\\\\"campaigns\\\\\\":12}\\"]}"]}'),
(69, 'vhcyQAtINED', 'Screen  1', '', 16, 4, 1, '2016-03-27 07:42:06', '', '', '', '', 0, 0, '', 0, 1, '', '{"zones":["{\\"name\\":\\"zone001\\",\\"timeslot\\":[\\"{\\\\\\"time\\\\\\":\\\\\\"03:00\\\\\\",\\\\\\"campaigns\\\\\\":4}\\"]}","{\\"name\\":\\"zone002\\",\\"timeslot\\":[\\"{\\\\\\"time\\\\\\":\\\\\\"03:00\\\\\\",\\\\\\"campaigns\\\\\\":9}\\"]}","{\\"name\\":\\"zone003\\",\\"timeslot\\":[\\"{\\\\\\"time\\\\\\":\\\\\\"03:00\\\\\\",\\\\\\"campaigns\\\\\\":6}\\"]}","{\\"name\\":\\"zone004\\",\\"timeslot\\":[\\"{\\\\\\"time\\\\\\":\\\\\\"03:00\\\\\\",\\\\\\"campaigns\\\\\\":8}\\"]}","{\\"name\\":\\"zone005\\",\\"timeslot\\":[\\"{\\\\\\"time\\\\\\":\\\\\\"03:00\\\\\\",\\\\\\"campaigns\\\\\\":7}\\"]}"]}'),
(70, 'dlwQsZRmRB7', 'Store1`', '', 21, 5, 1, '2016-09-14 03:30:09', '', '', '', '', 0, 0, '', 0, 1, '', '{"zones":["{\\"name\\":\\"zone001\\",\\"timeslot\\":[\\"{\\\\\\"time\\\\\\":\\\\\\"00:00\\\\\\",\\\\\\"campaigns\\\\\\":10}\\"]}","{\\"name\\":\\"zone002\\",\\"timeslot\\":[]}","{\\"name\\":\\"zone003\\",\\"timeslot\\":[]}","{\\"name\\":\\"zone004\\",\\"timeslot\\":[]}","{\\"name\\":\\"zone005\\",\\"timeslot\\":[]}"]}'),
(71, 'WNW3qpOUi7o', 'jolliant', '', 21, 5, 1, '2016-09-14 03:51:29', '', '', '', '', 0, 0, '', 0, 1, '', '{"zones":["{\\"name\\":\\"zone001\\",\\"timeslot\\":[]}","{\\"name\\":\\"zone002\\",\\"timeslot\\":[]}","{\\"name\\":\\"zone003\\",\\"timeslot\\":[]}","{\\"name\\":\\"zone004\\",\\"timeslot\\":[]}","{\\"name\\":\\"zone005\\",\\"timeslot\\":[]}"]}'),
(72, '9QPICIQjMVW', 'Ads Demo Screen', '', 1, 2, 1, '2016-09-28 17:20:07', '', '', '', '', 0, 0, '', 0, 2, '', '{"zones":["{\\"name\\":\\"zone006\\",\\"timeslot\\":[\\"{\\\\\\"time\\\\\\":\\\\\\"00:00\\\\\\",\\\\\\"campaigns\\\\\\":14}\\"]}","{\\"name\\":\\"zone007\\",\\"timeslot\\":[\\"{\\\\\\"time\\\\\\":\\\\\\"00:00\\\\\\",\\\\\\"campaigns\\\\\\":15}\\"]}","{\\"name\\":\\"zone008\\",\\"timeslot\\":[\\"{\\\\\\"time\\\\\\":\\\\\\"00:00\\\\\\",\\\\\\"campaigns\\\\\\":2}\\"]}","{\\"name\\":\\"zone009\\",\\"timeslot\\":[\\"{\\\\\\"time\\\\\\":\\\\\\"00:00\\\\\\",\\\\\\"campaigns\\\\\\":3}\\"]}"]}');

-- --------------------------------------------------------

--
-- Table structure for table `screen_group`
--

CREATE TABLE IF NOT EXISTS `screen_group` (
  `group_id` int(11) NOT NULL AUTO_INCREMENT,
  `name` varchar(200) NOT NULL,
  `user_id` int(11) NOT NULL,
  `created` timestamp NOT NULL DEFAULT CURRENT_TIMESTAMP,
  PRIMARY KEY (`group_id`)
) ENGINE=InnoDB  DEFAULT CHARSET=latin1 AUTO_INCREMENT=6 ;

--
-- Dumping data for table `screen_group`
--

INSERT INTO `screen_group` (`group_id`, `name`, `user_id`, `created`) VALUES
(1, 'Lobby', 11, '2016-01-07 04:12:33'),
(2, 'Schools', 1, '2016-03-26 09:08:22'),
(3, 'Test Group', 16, '2016-03-27 07:37:55'),
(4, 'Test Group2', 16, '2016-03-27 07:40:07'),
(5, 'sari-sari', 21, '2016-09-14 03:30:07');

-- --------------------------------------------------------

--
-- Table structure for table `streamtoken`
--

CREATE TABLE IF NOT EXISTS `streamtoken` (
  `id` int(11) NOT NULL AUTO_INCREMENT,
  `token` varchar(250) NOT NULL,
  `created` timestamp NOT NULL DEFAULT CURRENT_TIMESTAMP,
  PRIMARY KEY (`id`)
) ENGINE=InnoDB  DEFAULT CHARSET=latin1 AUTO_INCREMENT=12 ;

--
-- Dumping data for table `streamtoken`
--

INSERT INTO `streamtoken` (`id`, `token`, `created`) VALUES
(1, 'test', '2016-01-08 09:50:44'),
(2, 'cl62r3vl1f9a4i', '2016-01-08 10:05:21'),
(3, '1vp2b59h9bcbm1evk429', '2016-01-08 10:10:37'),
(4, '1n7r8m31cuioykl19dkz', '2016-01-08 10:11:43'),
(5, 'tz28o3p8xyvmko2ab', '2016-01-08 10:13:30'),
(6, '1xhs9ff1a6lh61prnusm', '2016-01-08 10:17:47'),
(7, '1tfxby2nxbqp5167a70g', '2016-01-08 10:17:54'),
(8, 'jg5dcc5abxnihju72s', '2016-01-08 10:17:57'),
(9, '1sbhlgp1qdjucm12syyzl', '2016-01-08 10:18:10'),
(10, '1vlysad15zu8jg1ri15te', '2016-01-08 10:20:00'),
(11, 'axycz3996ip71m13pyx', '2016-01-08 10:23:44');

-- --------------------------------------------------------

--
-- Table structure for table `template`
--

CREATE TABLE IF NOT EXISTS `template` (
  `template_id` int(11) NOT NULL AUTO_INCREMENT,
  `name` varchar(200) NOT NULL,
  `description` text NOT NULL,
  `thumbnail` varchar(200) NOT NULL,
  `filename` varchar(100) NOT NULL,
  `developer_id` int(11) NOT NULL,
  `created` timestamp NOT NULL DEFAULT CURRENT_TIMESTAMP,
  `status` int(11) NOT NULL,
  `width` int(11) NOT NULL,
  `height` int(11) NOT NULL,
  PRIMARY KEY (`template_id`)
) ENGINE=InnoDB  DEFAULT CHARSET=latin1 AUTO_INCREMENT=3 ;

--
-- Dumping data for table `template`
--

INSERT INTO `template` (`template_id`, `name`, `description`, `thumbnail`, `filename`, `developer_id`, `created`, `status`, `width`, `height`) VALUES
(1, 'Default', 'Default is a free signage template', 'images/default.png', 'default.tpl', 1, '2015-11-05 05:56:48', 1, 1920, 1080),
(2, 'Quadro', 'Quadro is a free signage template', 'images/quadro.png', 'default.tpl', 1, '2015-11-05 05:56:48', 1, 1920, 1080);

-- --------------------------------------------------------

--
-- Table structure for table `user`
--

CREATE TABLE IF NOT EXISTS `user` (
  `user_id` int(11) NOT NULL AUTO_INCREMENT,
  `fullname` varchar(200) NOT NULL,
  `username` varchar(200) NOT NULL,
  `password` text NOT NULL,
  `company` varchar(200) NOT NULL,
  `address` text NOT NULL,
  `email` varchar(200) NOT NULL,
  `contact_number` varchar(100) NOT NULL,
  `type` int(11) NOT NULL,
  `created` timestamp NOT NULL DEFAULT CURRENT_TIMESTAMP,
  `token` text NOT NULL,
  `status` int(11) NOT NULL,
  `reference` varchar(50) NOT NULL,
  `subscription` int(11) NOT NULL,
  `issp` int(11) NOT NULL,
  `onboar` int(11) NOT NULL,
  `ads` int(11) NOT NULL,
  PRIMARY KEY (`user_id`)
) ENGINE=InnoDB  DEFAULT CHARSET=latin1 AUTO_INCREMENT=22 ;

--
-- Dumping data for table `user`
--

INSERT INTO `user` (`user_id`, `fullname`, `username`, `password`, `company`, `address`, `email`, `contact_number`, `type`, `created`, `token`, `status`, `reference`, `subscription`, `issp`, `onboar`, `ads`) VALUES
(1, 'demo', 'demo@gmail.com', 'fe01ce2a7fbac8fafaed7c982a04e229', '', '', '', '', 1, '0000-00-00 00:00:00', '8a08195e52802bc44d981c9c51fa13bc', 1, '', 0, 0, 0, 0),
(2, 'controller', 'controller', '594c103f2c6e04c3d8ab059f031e0c1a', '', '', 'spmartinez@inventiv.ph', '7290606', 4, '0000-00-00 00:00:00', '0', 1, '', 0, 0, 0, 0),
(3, 'pnti', 'pnti', '6b9bfffc8476c5eb4c16e8b8f2e20abf', '', '', 'support@praeeonetworks.com', '63949', 4, '0000-00-00 00:00:00', '0', 1, '', 0, 0, 0, 0),
(4, 'cnn', 'cnn', '594c103f2c6e04c3d8ab059f031e0c1a', '', '', 'jrlabastida@inventiv.ph', '639170', 4, '0000-00-00 00:00:00', '0', 1, '', 0, 0, 0, 0),
(5, 'inventiv', 'inventiv', '3d35b8a7f284d6261baeaaa530a7e36d', '', '', '64vision@gmail.com', '+639178204239', 4, '0000-00-00 00:00:00', '0', 1, '', 0, 0, 0, 0),
(6, 'Monitoring', 'monitor', '08b5411f848a2581a41672a759c87380', '', '', '64vision@gmail.com', '232456789', 5, '0000-00-00 00:00:00', '0', 1, '', 0, 0, 0, 0),
(7, 'demo', 'demo', '594c103f2c6e04c3d8ab059f031e0c1a', '', '', 'jrlabastida@inventiv.ph', '7290606', 4, '0000-00-00 00:00:00', '0', 1, '', 0, 0, 0, 0),
(10, 'orbit Baco', '64vision4@gmail.com', 'fe01ce2a7fbac8fafaed7c982a04e229', '', '', '64vision4@gmail.com', '123123', 2, '0000-00-00 00:00:00', '', 1, '', 0, 0, 0, 0),
(11, 'Mike', 'test@gmail.com', 'fe01ce2a7fbac8fafaed7c982a04e229', '', '', 'test@gmail.com', 'undefined', 1, '0000-00-00 00:00:00', 'bbd8bf9acf37c4c67ecbd6715296dcd1', 1, '', 0, 0, 0, 0),
(16, 'Orbith Baco', '448605088668906', 'dd5b58b10cf8a52711d3dc78e89b3f44', '', '', '', '', 1, '2016-03-26 14:05:18', '37f6ca4be3019af9e29defa0082b6483', 0, '448605088668906', 1, 0, 0, 0),
(18, 'john', 'john', 'fe01ce2a7fbac8fafaed7c982a04e229', '', '', '', '', 1, '2016-09-09 10:20:28', 'd04ff82a2633de68a7f550f877054d9a', 1, '', 1, 0, 0, 0),
(19, 'johm', 'johm', 'fe01ce2a7fbac8fafaed7c982a04e229', '', '', '', '', 1, '2016-09-09 10:22:52', '307dccc519e53040baac5739dee8b213', 1, '', 1, 0, 0, 0),
(20, 'orbith', 'mike', 'fe01ce2a7fbac8fafaed7c982a04e229', '64vision', 'cavite', '64vision@gmail.com', '3123', 1, '2016-09-12 06:30:29', '8c3e3453eb0800d54b97bda715bb29b7', 101, '', 1, 0, 0, 0),
(21, 'demo', 'tolits', 'fe01ce2a7fbac8fafaed7c982a04e229', 'demo', 'demo', 'demo@de@gmail.com', '123123', 1, '2016-09-14 03:29:07', 'c2779eedc64628afd4f7be1ff41c0fa2', 101, '', 1, 0, 0, 0);

-- --------------------------------------------------------

--
-- Table structure for table `widget`
--

CREATE TABLE IF NOT EXISTS `widget` (
  `widget_id` int(11) NOT NULL AUTO_INCREMENT,
  `name` varchar(50) NOT NULL,
  `unique_id` varchar(20) NOT NULL,
  `width` int(11) NOT NULL,
  `height` int(11) NOT NULL,
  `media_types` varchar(100) NOT NULL,
  `template_id` int(11) NOT NULL,
  `description` text NOT NULL,
  `pos_x` int(11) NOT NULL,
  `pos_y` int(11) NOT NULL,
  PRIMARY KEY (`widget_id`)
) ENGINE=InnoDB  DEFAULT CHARSET=latin1 AUTO_INCREMENT=10 ;

--
-- Dumping data for table `widget`
--

INSERT INTO `widget` (`widget_id`, `name`, `unique_id`, `width`, `height`, `media_types`, `template_id`, `description`, `pos_x`, `pos_y`) VALUES
(1, 'Main Block', 'zone001', 1280, 720, 'video', 1, '', 0, 0),
(2, 'Right Top Block', 'zone002', 640, 360, 'image', 1, '', 1280, 0),
(3, 'Right Middle Block', 'zone003', 640, 360, 'image', 1, '', 1280, 360),
(4, 'Right Bottom Block', 'zone004', 640, 360, 'image', 1, '', 1280, 720),
(5, 'Left Bottom Block', 'zone005', 1280, 360, 'image', 1, '', 0, 720),
(6, 'Left Top Block', 'zone006', 960, 540, '', 2, '', 0, 0),
(7, 'Right Top Block', 'zone007', 960, 540, '', 2, '', 960, 0),
(8, 'Left Bottom Block', 'zone008', 960, 540, '', 2, '', 0, 540),
(9, 'RIght Bottom Block', 'zone009', 960, 540, '', 2, '', 960, 540);

-- --------------------------------------------------------

--
-- Table structure for table `widget_item`
--

CREATE TABLE IF NOT EXISTS `widget_item` (
  `item_id` int(11) NOT NULL AUTO_INCREMENT,
  `screen_id` int(11) NOT NULL,
  `widget_id` int(11) NOT NULL,
  `schedule_id` int(11) NOT NULL,
  `schedule_name` varchar(200) NOT NULL,
  PRIMARY KEY (`item_id`)
) ENGINE=InnoDB  DEFAULT CHARSET=latin1 AUTO_INCREMENT=22 ;

--
-- Dumping data for table `widget_item`
--

INSERT INTO `widget_item` (`item_id`, `screen_id`, `widget_id`, `schedule_id`, `schedule_name`) VALUES
(21, 66, 1, 1, 'Video Schedule<br><small>12:15 AM</small>');

/*!40101 SET CHARACTER_SET_CLIENT=@OLD_CHARACTER_SET_CLIENT */;
/*!40101 SET CHARACTER_SET_RESULTS=@OLD_CHARACTER_SET_RESULTS */;
/*!40101 SET COLLATION_CONNECTION=@OLD_COLLATION_CONNECTION */;
